Hex,Ethertype
0x0000,IEEE802.3 Length Field
0x0001,IEEE802.3 Length Field
0x0002,IEEE802.3 Length Field
0x0003,IEEE802.3 Length Field
0x0004,IEEE802.3 Length Field
0x0005,IEEE802.3 Length Field
0x0006,IEEE802.3 Length Field
0x0007,IEEE802.3 Length Field
0x0008,IEEE802.3 Length Field
0x0009,IEEE802.3 Length Field
0x000A,IEEE802.3 Length Field
0x000B,IEEE802.3 Length Field
0x000C,IEEE802.3 Length Field
0x000D,IEEE802.3 Length Field
0x000E,IEEE802.3 Length Field
0x000F,IEEE802.3 Length Field
0x0010,IEEE802.3 Length Field
0x0011,IEEE802.3 Length Field
0x0012,IEEE802.3 Length Field
0x0013,IEEE802.3 Length Field
0x0014,IEEE802.3 Length Field
0x0015,IEEE802.3 Length Field
0x0016,IEEE802.3 Length Field
0x0017,IEEE802.3 Length Field
0x0018,IEEE802.3 Length Field
0x0019,IEEE802.3 Length Field
0x001A,IEEE802.3 Length Field
0x001B,IEEE802.3 Length Field
0x001C,IEEE802.3 Length Field
0x001D,IEEE802.3 Length Field
0x001E,IEEE802.3 Length Field
0x001F,IEEE802.3 Length Field
0x0020,IEEE802.3 Length Field
0x0021,IEEE802.3 Length Field
0x0022,IEEE802.3 Length Field
0x0023,IEEE802.3 Length Field
0x0024,IEEE802.3 Length Field
0x0025,IEEE802.3 Length Field
0x0026,IEEE802.3 Length Field
0x0027,IEEE802.3 Length Field
0x0028,IEEE802.3 Length Field
0x0029,IEEE802.3 Length Field
0x002A,IEEE802.3 Length Field
0x002B,IEEE802.3 Length Field
0x002C,IEEE802.3 Length Field
0x002D,IEEE802.3 Length Field
0x002E,IEEE802.3 Length Field
0x002F,IEEE802.3 Length Field
0x0030,IEEE802.3 Length Field
0x0031,IEEE802.3 Length Field
0x0032,IEEE802.3 Length Field
0x0033,IEEE802.3 Length Field
0x0034,IEEE802.3 Length Field
0x0035,IEEE802.3 Length Field
0x0036,IEEE802.3 Length Field
0x0037,IEEE802.3 Length Field
0x0038,IEEE802.3 Length Field
0x0039,IEEE802.3 Length Field
0x003A,IEEE802.3 Length Field
0x003B,IEEE802.3 Length Field
0x003C,IEEE802.3 Length Field
0x003D,IEEE802.3 Length Field
0x003E,IEEE802.3 Length Field
0x003F,IEEE802.3 Length Field
0x0040,IEEE802.3 Length Field
0x0041,IEEE802.3 Length Field
0x0042,IEEE802.3 Length Field
0x0043,IEEE802.3 Length Field
0x0044,IEEE802.3 Length Field
0x0045,IEEE802.3 Length Field
0x0046,IEEE802.3 Length Field
0x0047,IEEE802.3 Length Field
0x0048,IEEE802.3 Length Field
0x0049,IEEE802.3 Length Field
0x004A,IEEE802.3 Length Field
0x004B,IEEE802.3 Length Field
0x004C,IEEE802.3 Length Field
0x004D,IEEE802.3 Length Field
0x004E,IEEE802.3 Length Field
0x004F,IEEE802.3 Length Field
0x0050,IEEE802.3 Length Field
0x0051,IEEE802.3 Length Field
0x0052,IEEE802.3 Length Field
0x0053,IEEE802.3 Length Field
0x0054,IEEE802.3 Length Field
0x0055,IEEE802.3 Length Field
0x0056,IEEE802.3 Length Field
0x0057,IEEE802.3 Length Field
0x0058,IEEE802.3 Length Field
0x0059,IEEE802.3 Length Field
0x005A,IEEE802.3 Length Field
0x005B,IEEE802.3 Length Field
0x005C,IEEE802.3 Length Field
0x005D,IEEE802.3 Length Field
0x005E,IEEE802.3 Length Field
0x005F,IEEE802.3 Length Field
0x0060,IEEE802.3 Length Field
0x0061,IEEE802.3 Length Field
0x0062,IEEE802.3 Length Field
0x0063,IEEE802.3 Length Field
0x0064,IEEE802.3 Length Field
0x0065,IEEE802.3 Length Field
0x0066,IEEE802.3 Length Field
0x0067,IEEE802.3 Length Field
0x0068,IEEE802.3 Length Field
0x0069,IEEE802.3 Length Field
0x006A,IEEE802.3 Length Field
0x006B,IEEE802.3 Length Field
0x006C,IEEE802.3 Length Field
0x006D,IEEE802.3 Length Field
0x006E,IEEE802.3 Length Field
0x006F,IEEE802.3 Length Field
0x0070,IEEE802.3 Length Field
0x0071,IEEE802.3 Length Field
0x0072,IEEE802.3 Length Field
0x0073,IEEE802.3 Length Field
0x0074,IEEE802.3 Length Field
0x0075,IEEE802.3 Length Field
0x0076,IEEE802.3 Length Field
0x0077,IEEE802.3 Length Field
0x0078,IEEE802.3 Length Field
0x0079,IEEE802.3 Length Field
0x007A,IEEE802.3 Length Field
0x007B,IEEE802.3 Length Field
0x007C,IEEE802.3 Length Field
0x007D,IEEE802.3 Length Field
0x007E,IEEE802.3 Length Field
0x007F,IEEE802.3 Length Field
0x0080,IEEE802.3 Length Field
0x0081,IEEE802.3 Length Field
0x0082,IEEE802.3 Length Field
0x0083,IEEE802.3 Length Field
0x0084,IEEE802.3 Length Field
0x0085,IEEE802.3 Length Field
0x0086,IEEE802.3 Length Field
0x0087,IEEE802.3 Length Field
0x0088,IEEE802.3 Length Field
0x0089,IEEE802.3 Length Field
0x008A,IEEE802.3 Length Field
0x008B,IEEE802.3 Length Field
0x008C,IEEE802.3 Length Field
0x008D,IEEE802.3 Length Field
0x008E,IEEE802.3 Length Field
0x008F,IEEE802.3 Length Field
0x0090,IEEE802.3 Length Field
0x0091,IEEE802.3 Length Field
0x0092,IEEE802.3 Length Field
0x0093,IEEE802.3 Length Field
0x0094,IEEE802.3 Length Field
0x0095,IEEE802.3 Length Field
0x0096,IEEE802.3 Length Field
0x0097,IEEE802.3 Length Field
0x0098,IEEE802.3 Length Field
0x0099,IEEE802.3 Length Field
0x009A,IEEE802.3 Length Field
0x009B,IEEE802.3 Length Field
0x009C,IEEE802.3 Length Field
0x009D,IEEE802.3 Length Field
0x009E,IEEE802.3 Length Field
0x009F,IEEE802.3 Length Field
0x00A0,IEEE802.3 Length Field
0x00A1,IEEE802.3 Length Field
0x00A2,IEEE802.3 Length Field
0x00A3,IEEE802.3 Length Field
0x00A4,IEEE802.3 Length Field
0x00A5,IEEE802.3 Length Field
0x00A6,IEEE802.3 Length Field
0x00A7,IEEE802.3 Length Field
0x00A8,IEEE802.3 Length Field
0x00A9,IEEE802.3 Length Field
0x00AA,IEEE802.3 Length Field
0x00AB,IEEE802.3 Length Field
0x00AC,IEEE802.3 Length Field
0x00AD,IEEE802.3 Length Field
0x00AE,IEEE802.3 Length Field
0x00AF,IEEE802.3 Length Field
0x00B0,IEEE802.3 Length Field
0x00B1,IEEE802.3 Length Field
0x00B2,IEEE802.3 Length Field
0x00B3,IEEE802.3 Length Field
0x00B4,IEEE802.3 Length Field
0x00B5,IEEE802.3 Length Field
0x00B6,IEEE802.3 Length Field
0x00B7,IEEE802.3 Length Field
0x00B8,IEEE802.3 Length Field
0x00B9,IEEE802.3 Length Field
0x00BA,IEEE802.3 Length Field
0x00BB,IEEE802.3 Length Field
0x00BC,IEEE802.3 Length Field
0x00BD,IEEE802.3 Length Field
0x00BE,IEEE802.3 Length Field
0x00BF,IEEE802.3 Length Field
0x00C0,IEEE802.3 Length Field
0x00C1,IEEE802.3 Length Field
0x00C2,IEEE802.3 Length Field
0x00C3,IEEE802.3 Length Field
0x00C4,IEEE802.3 Length Field
0x00C5,IEEE802.3 Length Field
0x00C6,IEEE802.3 Length Field
0x00C7,IEEE802.3 Length Field
0x00C8,IEEE802.3 Length Field
0x00C9,IEEE802.3 Length Field
0x00CA,IEEE802.3 Length Field
0x00CB,IEEE802.3 Length Field
0x00CC,IEEE802.3 Length Field
0x00CD,IEEE802.3 Length Field
0x00CE,IEEE802.3 Length Field
0x00CF,IEEE802.3 Length Field
0x00D0,IEEE802.3 Length Field
0x00D1,IEEE802.3 Length Field
0x00D2,IEEE802.3 Length Field
0x00D3,IEEE802.3 Length Field
0x00D4,IEEE802.3 Length Field
0x00D5,IEEE802.3 Length Field
0x00D6,IEEE802.3 Length Field
0x00D7,IEEE802.3 Length Field
0x00D8,IEEE802.3 Length Field
0x00D9,IEEE802.3 Length Field
0x00DA,IEEE802.3 Length Field
0x00DB,IEEE802.3 Length Field
0x00DC,IEEE802.3 Length Field
0x00DD,IEEE802.3 Length Field
0x00DE,IEEE802.3 Length Field
0x00DF,IEEE802.3 Length Field
0x00E0,IEEE802.3 Length Field
0x00E1,IEEE802.3 Length Field
0x00E2,IEEE802.3 Length Field
0x00E3,IEEE802.3 Length Field
0x00E4,IEEE802.3 Length Field
0x00E5,IEEE802.3 Length Field
0x00E6,IEEE802.3 Length Field
0x00E7,IEEE802.3 Length Field
0x00E8,IEEE802.3 Length Field
0x00E9,IEEE802.3 Length Field
0x00EA,IEEE802.3 Length Field
0x00EB,IEEE802.3 Length Field
0x00EC,IEEE802.3 Length Field
0x00ED,IEEE802.3 Length Field
0x00EE,IEEE802.3 Length Field
0x00EF,IEEE802.3 Length Field
0x00F0,IEEE802.3 Length Field
0x00F1,IEEE802.3 Length Field
0x00F2,IEEE802.3 Length Field
0x00F3,IEEE802.3 Length Field
0x00F4,IEEE802.3 Length Field
0x00F5,IEEE802.3 Length Field
0x00F6,IEEE802.3 Length Field
0x00F7,IEEE802.3 Length Field
0x00F8,IEEE802.3 Length Field
0x00F9,IEEE802.3 Length Field
0x00FA,IEEE802.3 Length Field
0x00FB,IEEE802.3 Length Field
0x00FC,IEEE802.3 Length Field
0x00FD,IEEE802.3 Length Field
0x00FE,IEEE802.3 Length Field
0x00FF,IEEE802.3 Length Field
0x0100,IEEE802.3 Length Field
0x0101,IEEE802.3 Length Field
0x0102,IEEE802.3 Length Field
0x0103,IEEE802.3 Length Field
0x0104,IEEE802.3 Length Field
0x0105,IEEE802.3 Length Field
0x0106,IEEE802.3 Length Field
0x0107,IEEE802.3 Length Field
0x0108,IEEE802.3 Length Field
0x0109,IEEE802.3 Length Field
0x010A,IEEE802.3 Length Field
0x010B,IEEE802.3 Length Field
0x010C,IEEE802.3 Length Field
0x010D,IEEE802.3 Length Field
0x010E,IEEE802.3 Length Field
0x010F,IEEE802.3 Length Field
0x0110,IEEE802.3 Length Field
0x0111,IEEE802.3 Length Field
0x0112,IEEE802.3 Length Field
0x0113,IEEE802.3 Length Field
0x0114,IEEE802.3 Length Field
0x0115,IEEE802.3 Length Field
0x0116,IEEE802.3 Length Field
0x0117,IEEE802.3 Length Field
0x0118,IEEE802.3 Length Field
0x0119,IEEE802.3 Length Field
0x011A,IEEE802.3 Length Field
0x011B,IEEE802.3 Length Field
0x011C,IEEE802.3 Length Field
0x011D,IEEE802.3 Length Field
0x011E,IEEE802.3 Length Field
0x011F,IEEE802.3 Length Field
0x0120,IEEE802.3 Length Field
0x0121,IEEE802.3 Length Field
0x0122,IEEE802.3 Length Field
0x0123,IEEE802.3 Length Field
0x0124,IEEE802.3 Length Field
0x0125,IEEE802.3 Length Field
0x0126,IEEE802.3 Length Field
0x0127,IEEE802.3 Length Field
0x0128,IEEE802.3 Length Field
0x0129,IEEE802.3 Length Field
0x012A,IEEE802.3 Length Field
0x012B,IEEE802.3 Length Field
0x012C,IEEE802.3 Length Field
0x012D,IEEE802.3 Length Field
0x012E,IEEE802.3 Length Field
0x012F,IEEE802.3 Length Field
0x0130,IEEE802.3 Length Field
0x0131,IEEE802.3 Length Field
0x0132,IEEE802.3 Length Field
0x0133,IEEE802.3 Length Field
0x0134,IEEE802.3 Length Field
0x0135,IEEE802.3 Length Field
0x0136,IEEE802.3 Length Field
0x0137,IEEE802.3 Length Field
0x0138,IEEE802.3 Length Field
0x0139,IEEE802.3 Length Field
0x013A,IEEE802.3 Length Field
0x013B,IEEE802.3 Length Field
0x013C,IEEE802.3 Length Field
0x013D,IEEE802.3 Length Field
0x013E,IEEE802.3 Length Field
0x013F,IEEE802.3 Length Field
0x0140,IEEE802.3 Length Field
0x0141,IEEE802.3 Length Field
0x0142,IEEE802.3 Length Field
0x0143,IEEE802.3 Length Field
0x0144,IEEE802.3 Length Field
0x0145,IEEE802.3 Length Field
0x0146,IEEE802.3 Length Field
0x0147,IEEE802.3 Length Field
0x0148,IEEE802.3 Length Field
0x0149,IEEE802.3 Length Field
0x014A,IEEE802.3 Length Field
0x014B,IEEE802.3 Length Field
0x014C,IEEE802.3 Length Field
0x014D,IEEE802.3 Length Field
0x014E,IEEE802.3 Length Field
0x014F,IEEE802.3 Length Field
0x0150,IEEE802.3 Length Field
0x0151,IEEE802.3 Length Field
0x0152,IEEE802.3 Length Field
0x0153,IEEE802.3 Length Field
0x0154,IEEE802.3 Length Field
0x0155,IEEE802.3 Length Field
0x0156,IEEE802.3 Length Field
0x0157,IEEE802.3 Length Field
0x0158,IEEE802.3 Length Field
0x0159,IEEE802.3 Length Field
0x015A,IEEE802.3 Length Field
0x015B,IEEE802.3 Length Field
0x015C,IEEE802.3 Length Field
0x015D,IEEE802.3 Length Field
0x015E,IEEE802.3 Length Field
0x015F,IEEE802.3 Length Field
0x0160,IEEE802.3 Length Field
0x0161,IEEE802.3 Length Field
0x0162,IEEE802.3 Length Field
0x0163,IEEE802.3 Length Field
0x0164,IEEE802.3 Length Field
0x0165,IEEE802.3 Length Field
0x0166,IEEE802.3 Length Field
0x0167,IEEE802.3 Length Field
0x0168,IEEE802.3 Length Field
0x0169,IEEE802.3 Length Field
0x016A,IEEE802.3 Length Field
0x016B,IEEE802.3 Length Field
0x016C,IEEE802.3 Length Field
0x016D,IEEE802.3 Length Field
0x016E,IEEE802.3 Length Field
0x016F,IEEE802.3 Length Field
0x0170,IEEE802.3 Length Field
0x0171,IEEE802.3 Length Field
0x0172,IEEE802.3 Length Field
0x0173,IEEE802.3 Length Field
0x0174,IEEE802.3 Length Field
0x0175,IEEE802.3 Length Field
0x0176,IEEE802.3 Length Field
0x0177,IEEE802.3 Length Field
0x0178,IEEE802.3 Length Field
0x0179,IEEE802.3 Length Field
0x017A,IEEE802.3 Length Field
0x017B,IEEE802.3 Length Field
0x017C,IEEE802.3 Length Field
0x017D,IEEE802.3 Length Field
0x017E,IEEE802.3 Length Field
0x017F,IEEE802.3 Length Field
0x0180,IEEE802.3 Length Field
0x0181,IEEE802.3 Length Field
0x0182,IEEE802.3 Length Field
0x0183,IEEE802.3 Length Field
0x0184,IEEE802.3 Length Field
0x0185,IEEE802.3 Length Field
0x0186,IEEE802.3 Length Field
0x0187,IEEE802.3 Length Field
0x0188,IEEE802.3 Length Field
0x0189,IEEE802.3 Length Field
0x018A,IEEE802.3 Length Field
0x018B,IEEE802.3 Length Field
0x018C,IEEE802.3 Length Field
0x018D,IEEE802.3 Length Field
0x018E,IEEE802.3 Length Field
0x018F,IEEE802.3 Length Field
0x0190,IEEE802.3 Length Field
0x0191,IEEE802.3 Length Field
0x0192,IEEE802.3 Length Field
0x0193,IEEE802.3 Length Field
0x0194,IEEE802.3 Length Field
0x0195,IEEE802.3 Length Field
0x0196,IEEE802.3 Length Field
0x0197,IEEE802.3 Length Field
0x0198,IEEE802.3 Length Field
0x0199,IEEE802.3 Length Field
0x019A,IEEE802.3 Length Field
0x019B,IEEE802.3 Length Field
0x019C,IEEE802.3 Length Field
0x019D,IEEE802.3 Length Field
0x019E,IEEE802.3 Length Field
0x019F,IEEE802.3 Length Field
0x01A0,IEEE802.3 Length Field
0x01A1,IEEE802.3 Length Field
0x01A2,IEEE802.3 Length Field
0x01A3,IEEE802.3 Length Field
0x01A4,IEEE802.3 Length Field
0x01A5,IEEE802.3 Length Field
0x01A6,IEEE802.3 Length Field
0x01A7,IEEE802.3 Length Field
0x01A8,IEEE802.3 Length Field
0x01A9,IEEE802.3 Length Field
0x01AA,IEEE802.3 Length Field
0x01AB,IEEE802.3 Length Field
0x01AC,IEEE802.3 Length Field
0x01AD,IEEE802.3 Length Field
0x01AE,IEEE802.3 Length Field
0x01AF,IEEE802.3 Length Field
0x01B0,IEEE802.3 Length Field
0x01B1,IEEE802.3 Length Field
0x01B2,IEEE802.3 Length Field
0x01B3,IEEE802.3 Length Field
0x01B4,IEEE802.3 Length Field
0x01B5,IEEE802.3 Length Field
0x01B6,IEEE802.3 Length Field
0x01B7,IEEE802.3 Length Field
0x01B8,IEEE802.3 Length Field
0x01B9,IEEE802.3 Length Field
0x01BA,IEEE802.3 Length Field
0x01BB,IEEE802.3 Length Field
0x01BC,IEEE802.3 Length Field
0x01BD,IEEE802.3 Length Field
0x01BE,IEEE802.3 Length Field
0x01BF,IEEE802.3 Length Field
0x01C0,IEEE802.3 Length Field
0x01C1,IEEE802.3 Length Field
0x01C2,IEEE802.3 Length Field
0x01C3,IEEE802.3 Length Field
0x01C4,IEEE802.3 Length Field
0x01C5,IEEE802.3 Length Field
0x01C6,IEEE802.3 Length Field
0x01C7,IEEE802.3 Length Field
0x01C8,IEEE802.3 Length Field
0x01C9,IEEE802.3 Length Field
0x01CA,IEEE802.3 Length Field
0x01CB,IEEE802.3 Length Field
0x01CC,IEEE802.3 Length Field
0x01CD,IEEE802.3 Length Field
0x01CE,IEEE802.3 Length Field
0x01CF,IEEE802.3 Length Field
0x01D0,IEEE802.3 Length Field
0x01D1,IEEE802.3 Length Field
0x01D2,IEEE802.3 Length Field
0x01D3,IEEE802.3 Length Field
0x01D4,IEEE802.3 Length Field
0x01D5,IEEE802.3 Length Field
0x01D6,IEEE802.3 Length Field
0x01D7,IEEE802.3 Length Field
0x01D8,IEEE802.3 Length Field
0x01D9,IEEE802.3 Length Field
0x01DA,IEEE802.3 Length Field
0x01DB,IEEE802.3 Length Field
0x01DC,IEEE802.3 Length Field
0x01DD,IEEE802.3 Length Field
0x01DE,IEEE802.3 Length Field
0x01DF,IEEE802.3 Length Field
0x01E0,IEEE802.3 Length Field
0x01E1,IEEE802.3 Length Field
0x01E2,IEEE802.3 Length Field
0x01E3,IEEE802.3 Length Field
0x01E4,IEEE802.3 Length Field
0x01E5,IEEE802.3 Length Field
0x01E6,IEEE802.3 Length Field
0x01E7,IEEE802.3 Length Field
0x01E8,IEEE802.3 Length Field
0x01E9,IEEE802.3 Length Field
0x01EA,IEEE802.3 Length Field
0x01EB,IEEE802.3 Length Field
0x01EC,IEEE802.3 Length Field
0x01ED,IEEE802.3 Length Field
0x01EE,IEEE802.3 Length Field
0x01EF,IEEE802.3 Length Field
0x01F0,IEEE802.3 Length Field
0x01F1,IEEE802.3 Length Field
0x01F2,IEEE802.3 Length Field
0x01F3,IEEE802.3 Length Field
0x01F4,IEEE802.3 Length Field
0x01F5,IEEE802.3 Length Field
0x01F6,IEEE802.3 Length Field
0x01F7,IEEE802.3 Length Field
0x01F8,IEEE802.3 Length Field
0x01F9,IEEE802.3 Length Field
0x01FA,IEEE802.3 Length Field
0x01FB,IEEE802.3 Length Field
0x01FC,IEEE802.3 Length Field
0x01FD,IEEE802.3 Length Field
0x01FE,IEEE802.3 Length Field
0x01FF,IEEE802.3 Length Field
0x0200,IEEE802.3 Length Field
0x0201,IEEE802.3 Length Field
0x0202,IEEE802.3 Length Field
0x0203,IEEE802.3 Length Field
0x0204,IEEE802.3 Length Field
0x0205,IEEE802.3 Length Field
0x0206,IEEE802.3 Length Field
0x0207,IEEE802.3 Length Field
0x0208,IEEE802.3 Length Field
0x0209,IEEE802.3 Length Field
0x020A,IEEE802.3 Length Field
0x020B,IEEE802.3 Length Field
0x020C,IEEE802.3 Length Field
0x020D,IEEE802.3 Length Field
0x020E,IEEE802.3 Length Field
0x020F,IEEE802.3 Length Field
0x0210,IEEE802.3 Length Field
0x0211,IEEE802.3 Length Field
0x0212,IEEE802.3 Length Field
0x0213,IEEE802.3 Length Field
0x0214,IEEE802.3 Length Field
0x0215,IEEE802.3 Length Field
0x0216,IEEE802.3 Length Field
0x0217,IEEE802.3 Length Field
0x0218,IEEE802.3 Length Field
0x0219,IEEE802.3 Length Field
0x021A,IEEE802.3 Length Field
0x021B,IEEE802.3 Length Field
0x021C,IEEE802.3 Length Field
0x021D,IEEE802.3 Length Field
0x021E,IEEE802.3 Length Field
0x021F,IEEE802.3 Length Field
0x0220,IEEE802.3 Length Field
0x0221,IEEE802.3 Length Field
0x0222,IEEE802.3 Length Field
0x0223,IEEE802.3 Length Field
0x0224,IEEE802.3 Length Field
0x0225,IEEE802.3 Length Field
0x0226,IEEE802.3 Length Field
0x0227,IEEE802.3 Length Field
0x0228,IEEE802.3 Length Field
0x0229,IEEE802.3 Length Field
0x022A,IEEE802.3 Length Field
0x022B,IEEE802.3 Length Field
0x022C,IEEE802.3 Length Field
0x022D,IEEE802.3 Length Field
0x022E,IEEE802.3 Length Field
0x022F,IEEE802.3 Length Field
0x0230,IEEE802.3 Length Field
0x0231,IEEE802.3 Length Field
0x0232,IEEE802.3 Length Field
0x0233,IEEE802.3 Length Field
0x0234,IEEE802.3 Length Field
0x0235,IEEE802.3 Length Field
0x0236,IEEE802.3 Length Field
0x0237,IEEE802.3 Length Field
0x0238,IEEE802.3 Length Field
0x0239,IEEE802.3 Length Field
0x023A,IEEE802.3 Length Field
0x023B,IEEE802.3 Length Field
0x023C,IEEE802.3 Length Field
0x023D,IEEE802.3 Length Field
0x023E,IEEE802.3 Length Field
0x023F,IEEE802.3 Length Field
0x0240,IEEE802.3 Length Field
0x0241,IEEE802.3 Length Field
0x0242,IEEE802.3 Length Field
0x0243,IEEE802.3 Length Field
0x0244,IEEE802.3 Length Field
0x0245,IEEE802.3 Length Field
0x0246,IEEE802.3 Length Field
0x0247,IEEE802.3 Length Field
0x0248,IEEE802.3 Length Field
0x0249,IEEE802.3 Length Field
0x024A,IEEE802.3 Length Field
0x024B,IEEE802.3 Length Field
0x024C,IEEE802.3 Length Field
0x024D,IEEE802.3 Length Field
0x024E,IEEE802.3 Length Field
0x024F,IEEE802.3 Length Field
0x0250,IEEE802.3 Length Field
0x0251,IEEE802.3 Length Field
0x0252,IEEE802.3 Length Field
0x0253,IEEE802.3 Length Field
0x0254,IEEE802.3 Length Field
0x0255,IEEE802.3 Length Field
0x0256,IEEE802.3 Length Field
0x0257,IEEE802.3 Length Field
0x0258,IEEE802.3 Length Field
0x0259,IEEE802.3 Length Field
0x025A,IEEE802.3 Length Field
0x025B,IEEE802.3 Length Field
0x025C,IEEE802.3 Length Field
0x025D,IEEE802.3 Length Field
0x025E,IEEE802.3 Length Field
0x025F,IEEE802.3 Length Field
0x0260,IEEE802.3 Length Field
0x0261,IEEE802.3 Length Field
0x0262,IEEE802.3 Length Field
0x0263,IEEE802.3 Length Field
0x0264,IEEE802.3 Length Field
0x0265,IEEE802.3 Length Field
0x0266,IEEE802.3 Length Field
0x0267,IEEE802.3 Length Field
0x0268,IEEE802.3 Length Field
0x0269,IEEE802.3 Length Field
0x026A,IEEE802.3 Length Field
0x026B,IEEE802.3 Length Field
0x026C,IEEE802.3 Length Field
0x026D,IEEE802.3 Length Field
0x026E,IEEE802.3 Length Field
0x026F,IEEE802.3 Length Field
0x0270,IEEE802.3 Length Field
0x0271,IEEE802.3 Length Field
0x0272,IEEE802.3 Length Field
0x0273,IEEE802.3 Length Field
0x0274,IEEE802.3 Length Field
0x0275,IEEE802.3 Length Field
0x0276,IEEE802.3 Length Field
0x0277,IEEE802.3 Length Field
0x0278,IEEE802.3 Length Field
0x0279,IEEE802.3 Length Field
0x027A,IEEE802.3 Length Field
0x027B,IEEE802.3 Length Field
0x027C,IEEE802.3 Length Field
0x027D,IEEE802.3 Length Field
0x027E,IEEE802.3 Length Field
0x027F,IEEE802.3 Length Field
0x0280,IEEE802.3 Length Field
0x0281,IEEE802.3 Length Field
0x0282,IEEE802.3 Length Field
0x0283,IEEE802.3 Length Field
0x0284,IEEE802.3 Length Field
0x0285,IEEE802.3 Length Field
0x0286,IEEE802.3 Length Field
0x0287,IEEE802.3 Length Field
0x0288,IEEE802.3 Length Field
0x0289,IEEE802.3 Length Field
0x028A,IEEE802.3 Length Field
0x028B,IEEE802.3 Length Field
0x028C,IEEE802.3 Length Field
0x028D,IEEE802.3 Length Field
0x028E,IEEE802.3 Length Field
0x028F,IEEE802.3 Length Field
0x0290,IEEE802.3 Length Field
0x0291,IEEE802.3 Length Field
0x0292,IEEE802.3 Length Field
0x0293,IEEE802.3 Length Field
0x0294,IEEE802.3 Length Field
0x0295,IEEE802.3 Length Field
0x0296,IEEE802.3 Length Field
0x0297,IEEE802.3 Length Field
0x0298,IEEE802.3 Length Field
0x0299,IEEE802.3 Length Field
0x029A,IEEE802.3 Length Field
0x029B,IEEE802.3 Length Field
0x029C,IEEE802.3 Length Field
0x029D,IEEE802.3 Length Field
0x029E,IEEE802.3 Length Field
0x029F,IEEE802.3 Length Field
0x02A0,IEEE802.3 Length Field
0x02A1,IEEE802.3 Length Field
0x02A2,IEEE802.3 Length Field
0x02A3,IEEE802.3 Length Field
0x02A4,IEEE802.3 Length Field
0x02A5,IEEE802.3 Length Field
0x02A6,IEEE802.3 Length Field
0x02A7,IEEE802.3 Length Field
0x02A8,IEEE802.3 Length Field
0x02A9,IEEE802.3 Length Field
0x02AA,IEEE802.3 Length Field
0x02AB,IEEE802.3 Length Field
0x02AC,IEEE802.3 Length Field
0x02AD,IEEE802.3 Length Field
0x02AE,IEEE802.3 Length Field
0x02AF,IEEE802.3 Length Field
0x02B0,IEEE802.3 Length Field
0x02B1,IEEE802.3 Length Field
0x02B2,IEEE802.3 Length Field
0x02B3,IEEE802.3 Length Field
0x02B4,IEEE802.3 Length Field
0x02B5,IEEE802.3 Length Field
0x02B6,IEEE802.3 Length Field
0x02B7,IEEE802.3 Length Field
0x02B8,IEEE802.3 Length Field
0x02B9,IEEE802.3 Length Field
0x02BA,IEEE802.3 Length Field
0x02BB,IEEE802.3 Length Field
0x02BC,IEEE802.3 Length Field
0x02BD,IEEE802.3 Length Field
0x02BE,IEEE802.3 Length Field
0x02BF,IEEE802.3 Length Field
0x02C0,IEEE802.3 Length Field
0x02C1,IEEE802.3 Length Field
0x02C2,IEEE802.3 Length Field
0x02C3,IEEE802.3 Length Field
0x02C4,IEEE802.3 Length Field
0x02C5,IEEE802.3 Length Field
0x02C6,IEEE802.3 Length Field
0x02C7,IEEE802.3 Length Field
0x02C8,IEEE802.3 Length Field
0x02C9,IEEE802.3 Length Field
0x02CA,IEEE802.3 Length Field
0x02CB,IEEE802.3 Length Field
0x02CC,IEEE802.3 Length Field
0x02CD,IEEE802.3 Length Field
0x02CE,IEEE802.3 Length Field
0x02CF,IEEE802.3 Length Field
0x02D0,IEEE802.3 Length Field
0x02D1,IEEE802.3 Length Field
0x02D2,IEEE802.3 Length Field
0x02D3,IEEE802.3 Length Field
0x02D4,IEEE802.3 Length Field
0x02D5,IEEE802.3 Length Field
0x02D6,IEEE802.3 Length Field
0x02D7,IEEE802.3 Length Field
0x02D8,IEEE802.3 Length Field
0x02D9,IEEE802.3 Length Field
0x02DA,IEEE802.3 Length Field
0x02DB,IEEE802.3 Length Field
0x02DC,IEEE802.3 Length Field
0x02DD,IEEE802.3 Length Field
0x02DE,IEEE802.3 Length Field
0x02DF,IEEE802.3 Length Field
0x02E0,IEEE802.3 Length Field
0x02E1,IEEE802.3 Length Field
0x02E2,IEEE802.3 Length Field
0x02E3,IEEE802.3 Length Field
0x02E4,IEEE802.3 Length Field
0x02E5,IEEE802.3 Length Field
0x02E6,IEEE802.3 Length Field
0x02E7,IEEE802.3 Length Field
0x02E8,IEEE802.3 Length Field
0x02E9,IEEE802.3 Length Field
0x02EA,IEEE802.3 Length Field
0x02EB,IEEE802.3 Length Field
0x02EC,IEEE802.3 Length Field
0x02ED,IEEE802.3 Length Field
0x02EE,IEEE802.3 Length Field
0x02EF,IEEE802.3 Length Field
0x02F0,IEEE802.3 Length Field
0x02F1,IEEE802.3 Length Field
0x02F2,IEEE802.3 Length Field
0x02F3,IEEE802.3 Length Field
0x02F4,IEEE802.3 Length Field
0x02F5,IEEE802.3 Length Field
0x02F6,IEEE802.3 Length Field
0x02F7,IEEE802.3 Length Field
0x02F8,IEEE802.3 Length Field
0x02F9,IEEE802.3 Length Field
0x02FA,IEEE802.3 Length Field
0x02FB,IEEE802.3 Length Field
0x02FC,IEEE802.3 Length Field
0x02FD,IEEE802.3 Length Field
0x02FE,IEEE802.3 Length Field
0x02FF,IEEE802.3 Length Field
0x0300,IEEE802.3 Length Field
0x0301,IEEE802.3 Length Field
0x0302,IEEE802.3 Length Field
0x0303,IEEE802.3 Length Field
0x0304,IEEE802.3 Length Field
0x0305,IEEE802.3 Length Field
0x0306,IEEE802.3 Length Field
0x0307,IEEE802.3 Length Field
0x0308,IEEE802.3 Length Field
0x0309,IEEE802.3 Length Field
0x030A,IEEE802.3 Length Field
0x030B,IEEE802.3 Length Field
0x030C,IEEE802.3 Length Field
0x030D,IEEE802.3 Length Field
0x030E,IEEE802.3 Length Field
0x030F,IEEE802.3 Length Field
0x0310,IEEE802.3 Length Field
0x0311,IEEE802.3 Length Field
0x0312,IEEE802.3 Length Field
0x0313,IEEE802.3 Length Field
0x0314,IEEE802.3 Length Field
0x0315,IEEE802.3 Length Field
0x0316,IEEE802.3 Length Field
0x0317,IEEE802.3 Length Field
0x0318,IEEE802.3 Length Field
0x0319,IEEE802.3 Length Field
0x031A,IEEE802.3 Length Field
0x031B,IEEE802.3 Length Field
0x031C,IEEE802.3 Length Field
0x031D,IEEE802.3 Length Field
0x031E,IEEE802.3 Length Field
0x031F,IEEE802.3 Length Field
0x0320,IEEE802.3 Length Field
0x0321,IEEE802.3 Length Field
0x0322,IEEE802.3 Length Field
0x0323,IEEE802.3 Length Field
0x0324,IEEE802.3 Length Field
0x0325,IEEE802.3 Length Field
0x0326,IEEE802.3 Length Field
0x0327,IEEE802.3 Length Field
0x0328,IEEE802.3 Length Field
0x0329,IEEE802.3 Length Field
0x032A,IEEE802.3 Length Field
0x032B,IEEE802.3 Length Field
0x032C,IEEE802.3 Length Field
0x032D,IEEE802.3 Length Field
0x032E,IEEE802.3 Length Field
0x032F,IEEE802.3 Length Field
0x0330,IEEE802.3 Length Field
0x0331,IEEE802.3 Length Field
0x0332,IEEE802.3 Length Field
0x0333,IEEE802.3 Length Field
0x0334,IEEE802.3 Length Field
0x0335,IEEE802.3 Length Field
0x0336,IEEE802.3 Length Field
0x0337,IEEE802.3 Length Field
0x0338,IEEE802.3 Length Field
0x0339,IEEE802.3 Length Field
0x033A,IEEE802.3 Length Field
0x033B,IEEE802.3 Length Field
0x033C,IEEE802.3 Length Field
0x033D,IEEE802.3 Length Field
0x033E,IEEE802.3 Length Field
0x033F,IEEE802.3 Length Field
0x0340,IEEE802.3 Length Field
0x0341,IEEE802.3 Length Field
0x0342,IEEE802.3 Length Field
0x0343,IEEE802.3 Length Field
0x0344,IEEE802.3 Length Field
0x0345,IEEE802.3 Length Field
0x0346,IEEE802.3 Length Field
0x0347,IEEE802.3 Length Field
0x0348,IEEE802.3 Length Field
0x0349,IEEE802.3 Length Field
0x034A,IEEE802.3 Length Field
0x034B,IEEE802.3 Length Field
0x034C,IEEE802.3 Length Field
0x034D,IEEE802.3 Length Field
0x034E,IEEE802.3 Length Field
0x034F,IEEE802.3 Length Field
0x0350,IEEE802.3 Length Field
0x0351,IEEE802.3 Length Field
0x0352,IEEE802.3 Length Field
0x0353,IEEE802.3 Length Field
0x0354,IEEE802.3 Length Field
0x0355,IEEE802.3 Length Field
0x0356,IEEE802.3 Length Field
0x0357,IEEE802.3 Length Field
0x0358,IEEE802.3 Length Field
0x0359,IEEE802.3 Length Field
0x035A,IEEE802.3 Length Field
0x035B,IEEE802.3 Length Field
0x035C,IEEE802.3 Length Field
0x035D,IEEE802.3 Length Field
0x035E,IEEE802.3 Length Field
0x035F,IEEE802.3 Length Field
0x0360,IEEE802.3 Length Field
0x0361,IEEE802.3 Length Field
0x0362,IEEE802.3 Length Field
0x0363,IEEE802.3 Length Field
0x0364,IEEE802.3 Length Field
0x0365,IEEE802.3 Length Field
0x0366,IEEE802.3 Length Field
0x0367,IEEE802.3 Length Field
0x0368,IEEE802.3 Length Field
0x0369,IEEE802.3 Length Field
0x036A,IEEE802.3 Length Field
0x036B,IEEE802.3 Length Field
0x036C,IEEE802.3 Length Field
0x036D,IEEE802.3 Length Field
0x036E,IEEE802.3 Length Field
0x036F,IEEE802.3 Length Field
0x0370,IEEE802.3 Length Field
0x0371,IEEE802.3 Length Field
0x0372,IEEE802.3 Length Field
0x0373,IEEE802.3 Length Field
0x0374,IEEE802.3 Length Field
0x0375,IEEE802.3 Length Field
0x0376,IEEE802.3 Length Field
0x0377,IEEE802.3 Length Field
0x0378,IEEE802.3 Length Field
0x0379,IEEE802.3 Length Field
0x037A,IEEE802.3 Length Field
0x037B,IEEE802.3 Length Field
0x037C,IEEE802.3 Length Field
0x037D,IEEE802.3 Length Field
0x037E,IEEE802.3 Length Field
0x037F,IEEE802.3 Length Field
0x0380,IEEE802.3 Length Field
0x0381,IEEE802.3 Length Field
0x0382,IEEE802.3 Length Field
0x0383,IEEE802.3 Length Field
0x0384,IEEE802.3 Length Field
0x0385,IEEE802.3 Length Field
0x0386,IEEE802.3 Length Field
0x0387,IEEE802.3 Length Field
0x0388,IEEE802.3 Length Field
0x0389,IEEE802.3 Length Field
0x038A,IEEE802.3 Length Field
0x038B,IEEE802.3 Length Field
0x038C,IEEE802.3 Length Field
0x038D,IEEE802.3 Length Field
0x038E,IEEE802.3 Length Field
0x038F,IEEE802.3 Length Field
0x0390,IEEE802.3 Length Field
0x0391,IEEE802.3 Length Field
0x0392,IEEE802.3 Length Field
0x0393,IEEE802.3 Length Field
0x0394,IEEE802.3 Length Field
0x0395,IEEE802.3 Length Field
0x0396,IEEE802.3 Length Field
0x0397,IEEE802.3 Length Field
0x0398,IEEE802.3 Length Field
0x0399,IEEE802.3 Length Field
0x039A,IEEE802.3 Length Field
0x039B,IEEE802.3 Length Field
0x039C,IEEE802.3 Length Field
0x039D,IEEE802.3 Length Field
0x039E,IEEE802.3 Length Field
0x039F,IEEE802.3 Length Field
0x03A0,IEEE802.3 Length Field
0x03A1,IEEE802.3 Length Field
0x03A2,IEEE802.3 Length Field
0x03A3,IEEE802.3 Length Field
0x03A4,IEEE802.3 Length Field
0x03A5,IEEE802.3 Length Field
0x03A6,IEEE802.3 Length Field
0x03A7,IEEE802.3 Length Field
0x03A8,IEEE802.3 Length Field
0x03A9,IEEE802.3 Length Field
0x03AA,IEEE802.3 Length Field
0x03AB,IEEE802.3 Length Field
0x03AC,IEEE802.3 Length Field
0x03AD,IEEE802.3 Length Field
0x03AE,IEEE802.3 Length Field
0x03AF,IEEE802.3 Length Field
0x03B0,IEEE802.3 Length Field
0x03B1,IEEE802.3 Length Field
0x03B2,IEEE802.3 Length Field
0x03B3,IEEE802.3 Length Field
0x03B4,IEEE802.3 Length Field
0x03B5,IEEE802.3 Length Field
0x03B6,IEEE802.3 Length Field
0x03B7,IEEE802.3 Length Field
0x03B8,IEEE802.3 Length Field
0x03B9,IEEE802.3 Length Field
0x03BA,IEEE802.3 Length Field
0x03BB,IEEE802.3 Length Field
0x03BC,IEEE802.3 Length Field
0x03BD,IEEE802.3 Length Field
0x03BE,IEEE802.3 Length Field
0x03BF,IEEE802.3 Length Field
0x03C0,IEEE802.3 Length Field
0x03C1,IEEE802.3 Length Field
0x03C2,IEEE802.3 Length Field
0x03C3,IEEE802.3 Length Field
0x03C4,IEEE802.3 Length Field
0x03C5,IEEE802.3 Length Field
0x03C6,IEEE802.3 Length Field
0x03C7,IEEE802.3 Length Field
0x03C8,IEEE802.3 Length Field
0x03C9,IEEE802.3 Length Field
0x03CA,IEEE802.3 Length Field
0x03CB,IEEE802.3 Length Field
0x03CC,IEEE802.3 Length Field
0x03CD,IEEE802.3 Length Field
0x03CE,IEEE802.3 Length Field
0x03CF,IEEE802.3 Length Field
0x03D0,IEEE802.3 Length Field
0x03D1,IEEE802.3 Length Field
0x03D2,IEEE802.3 Length Field
0x03D3,IEEE802.3 Length Field
0x03D4,IEEE802.3 Length Field
0x03D5,IEEE802.3 Length Field
0x03D6,IEEE802.3 Length Field
0x03D7,IEEE802.3 Length Field
0x03D8,IEEE802.3 Length Field
0x03D9,IEEE802.3 Length Field
0x03DA,IEEE802.3 Length Field
0x03DB,IEEE802.3 Length Field
0x03DC,IEEE802.3 Length Field
0x03DD,IEEE802.3 Length Field
0x03DE,IEEE802.3 Length Field
0x03DF,IEEE802.3 Length Field
0x03E0,IEEE802.3 Length Field
0x03E1,IEEE802.3 Length Field
0x03E2,IEEE802.3 Length Field
0x03E3,IEEE802.3 Length Field
0x03E4,IEEE802.3 Length Field
0x03E5,IEEE802.3 Length Field
0x03E6,IEEE802.3 Length Field
0x03E7,IEEE802.3 Length Field
0x03E8,IEEE802.3 Length Field
0x03E9,IEEE802.3 Length Field
0x03EA,IEEE802.3 Length Field
0x03EB,IEEE802.3 Length Field
0x03EC,IEEE802.3 Length Field
0x03ED,IEEE802.3 Length Field
0x03EE,IEEE802.3 Length Field
0x03EF,IEEE802.3 Length Field
0x03F0,IEEE802.3 Length Field
0x03F1,IEEE802.3 Length Field
0x03F2,IEEE802.3 Length Field
0x03F3,IEEE802.3 Length Field
0x03F4,IEEE802.3 Length Field
0x03F5,IEEE802.3 Length Field
0x03F6,IEEE802.3 Length Field
0x03F7,IEEE802.3 Length Field
0x03F8,IEEE802.3 Length Field
0x03F9,IEEE802.3 Length Field
0x03FA,IEEE802.3 Length Field
0x03FB,IEEE802.3 Length Field
0x03FC,IEEE802.3 Length Field
0x03FD,IEEE802.3 Length Field
0x03FE,IEEE802.3 Length Field
0x03FF,IEEE802.3 Length Field
0x0400,IEEE802.3 Length Field
0x0401,IEEE802.3 Length Field
0x0402,IEEE802.3 Length Field
0x0403,IEEE802.3 Length Field
0x0404,IEEE802.3 Length Field
0x0405,IEEE802.3 Length Field
0x0406,IEEE802.3 Length Field
0x0407,IEEE802.3 Length Field
0x0408,IEEE802.3 Length Field
0x0409,IEEE802.3 Length Field
0x040A,IEEE802.3 Length Field
0x040B,IEEE802.3 Length Field
0x040C,IEEE802.3 Length Field
0x040D,IEEE802.3 Length Field
0x040E,IEEE802.3 Length Field
0x040F,IEEE802.3 Length Field
0x0410,IEEE802.3 Length Field
0x0411,IEEE802.3 Length Field
0x0412,IEEE802.3 Length Field
0x0413,IEEE802.3 Length Field
0x0414,IEEE802.3 Length Field
0x0415,IEEE802.3 Length Field
0x0416,IEEE802.3 Length Field
0x0417,IEEE802.3 Length Field
0x0418,IEEE802.3 Length Field
0x0419,IEEE802.3 Length Field
0x041A,IEEE802.3 Length Field
0x041B,IEEE802.3 Length Field
0x041C,IEEE802.3 Length Field
0x041D,IEEE802.3 Length Field
0x041E,IEEE802.3 Length Field
0x041F,IEEE802.3 Length Field
0x0420,IEEE802.3 Length Field
0x0421,IEEE802.3 Length Field
0x0422,IEEE802.3 Length Field
0x0423,IEEE802.3 Length Field
0x0424,IEEE802.3 Length Field
0x0425,IEEE802.3 Length Field
0x0426,IEEE802.3 Length Field
0x0427,IEEE802.3 Length Field
0x0428,IEEE802.3 Length Field
0x0429,IEEE802.3 Length Field
0x042A,IEEE802.3 Length Field
0x042B,IEEE802.3 Length Field
0x042C,IEEE802.3 Length Field
0x042D,IEEE802.3 Length Field
0x042E,IEEE802.3 Length Field
0x042F,IEEE802.3 Length Field
0x0430,IEEE802.3 Length Field
0x0431,IEEE802.3 Length Field
0x0432,IEEE802.3 Length Field
0x0433,IEEE802.3 Length Field
0x0434,IEEE802.3 Length Field
0x0435,IEEE802.3 Length Field
0x0436,IEEE802.3 Length Field
0x0437,IEEE802.3 Length Field
0x0438,IEEE802.3 Length Field
0x0439,IEEE802.3 Length Field
0x043A,IEEE802.3 Length Field
0x043B,IEEE802.3 Length Field
0x043C,IEEE802.3 Length Field
0x043D,IEEE802.3 Length Field
0x043E,IEEE802.3 Length Field
0x043F,IEEE802.3 Length Field
0x0440,IEEE802.3 Length Field
0x0441,IEEE802.3 Length Field
0x0442,IEEE802.3 Length Field
0x0443,IEEE802.3 Length Field
0x0444,IEEE802.3 Length Field
0x0445,IEEE802.3 Length Field
0x0446,IEEE802.3 Length Field
0x0447,IEEE802.3 Length Field
0x0448,IEEE802.3 Length Field
0x0449,IEEE802.3 Length Field
0x044A,IEEE802.3 Length Field
0x044B,IEEE802.3 Length Field
0x044C,IEEE802.3 Length Field
0x044D,IEEE802.3 Length Field
0x044E,IEEE802.3 Length Field
0x044F,IEEE802.3 Length Field
0x0450,IEEE802.3 Length Field
0x0451,IEEE802.3 Length Field
0x0452,IEEE802.3 Length Field
0x0453,IEEE802.3 Length Field
0x0454,IEEE802.3 Length Field
0x0455,IEEE802.3 Length Field
0x0456,IEEE802.3 Length Field
0x0457,IEEE802.3 Length Field
0x0458,IEEE802.3 Length Field
0x0459,IEEE802.3 Length Field
0x045A,IEEE802.3 Length Field
0x045B,IEEE802.3 Length Field
0x045C,IEEE802.3 Length Field
0x045D,IEEE802.3 Length Field
0x045E,IEEE802.3 Length Field
0x045F,IEEE802.3 Length Field
0x0460,IEEE802.3 Length Field
0x0461,IEEE802.3 Length Field
0x0462,IEEE802.3 Length Field
0x0463,IEEE802.3 Length Field
0x0464,IEEE802.3 Length Field
0x0465,IEEE802.3 Length Field
0x0466,IEEE802.3 Length Field
0x0467,IEEE802.3 Length Field
0x0468,IEEE802.3 Length Field
0x0469,IEEE802.3 Length Field
0x046A,IEEE802.3 Length Field
0x046B,IEEE802.3 Length Field
0x046C,IEEE802.3 Length Field
0x046D,IEEE802.3 Length Field
0x046E,IEEE802.3 Length Field
0x046F,IEEE802.3 Length Field
0x0470,IEEE802.3 Length Field
0x0471,IEEE802.3 Length Field
0x0472,IEEE802.3 Length Field
0x0473,IEEE802.3 Length Field
0x0474,IEEE802.3 Length Field
0x0475,IEEE802.3 Length Field
0x0476,IEEE802.3 Length Field
0x0477,IEEE802.3 Length Field
0x0478,IEEE802.3 Length Field
0x0479,IEEE802.3 Length Field
0x047A,IEEE802.3 Length Field
0x047B,IEEE802.3 Length Field
0x047C,IEEE802.3 Length Field
0x047D,IEEE802.3 Length Field
0x047E,IEEE802.3 Length Field
0x047F,IEEE802.3 Length Field
0x0480,IEEE802.3 Length Field
0x0481,IEEE802.3 Length Field
0x0482,IEEE802.3 Length Field
0x0483,IEEE802.3 Length Field
0x0484,IEEE802.3 Length Field
0x0485,IEEE802.3 Length Field
0x0486,IEEE802.3 Length Field
0x0487,IEEE802.3 Length Field
0x0488,IEEE802.3 Length Field
0x0489,IEEE802.3 Length Field
0x048A,IEEE802.3 Length Field
0x048B,IEEE802.3 Length Field
0x048C,IEEE802.3 Length Field
0x048D,IEEE802.3 Length Field
0x048E,IEEE802.3 Length Field
0x048F,IEEE802.3 Length Field
0x0490,IEEE802.3 Length Field
0x0491,IEEE802.3 Length Field
0x0492,IEEE802.3 Length Field
0x0493,IEEE802.3 Length Field
0x0494,IEEE802.3 Length Field
0x0495,IEEE802.3 Length Field
0x0496,IEEE802.3 Length Field
0x0497,IEEE802.3 Length Field
0x0498,IEEE802.3 Length Field
0x0499,IEEE802.3 Length Field
0x049A,IEEE802.3 Length Field
0x049B,IEEE802.3 Length Field
0x049C,IEEE802.3 Length Field
0x049D,IEEE802.3 Length Field
0x049E,IEEE802.3 Length Field
0x049F,IEEE802.3 Length Field
0x04A0,IEEE802.3 Length Field
0x04A1,IEEE802.3 Length Field
0x04A2,IEEE802.3 Length Field
0x04A3,IEEE802.3 Length Field
0x04A4,IEEE802.3 Length Field
0x04A5,IEEE802.3 Length Field
0x04A6,IEEE802.3 Length Field
0x04A7,IEEE802.3 Length Field
0x04A8,IEEE802.3 Length Field
0x04A9,IEEE802.3 Length Field
0x04AA,IEEE802.3 Length Field
0x04AB,IEEE802.3 Length Field
0x04AC,IEEE802.3 Length Field
0x04AD,IEEE802.3 Length Field
0x04AE,IEEE802.3 Length Field
0x04AF,IEEE802.3 Length Field
0x04B0,IEEE802.3 Length Field
0x04B1,IEEE802.3 Length Field
0x04B2,IEEE802.3 Length Field
0x04B3,IEEE802.3 Length Field
0x04B4,IEEE802.3 Length Field
0x04B5,IEEE802.3 Length Field
0x04B6,IEEE802.3 Length Field
0x04B7,IEEE802.3 Length Field
0x04B8,IEEE802.3 Length Field
0x04B9,IEEE802.3 Length Field
0x04BA,IEEE802.3 Length Field
0x04BB,IEEE802.3 Length Field
0x04BC,IEEE802.3 Length Field
0x04BD,IEEE802.3 Length Field
0x04BE,IEEE802.3 Length Field
0x04BF,IEEE802.3 Length Field
0x04C0,IEEE802.3 Length Field
0x04C1,IEEE802.3 Length Field
0x04C2,IEEE802.3 Length Field
0x04C3,IEEE802.3 Length Field
0x04C4,IEEE802.3 Length Field
0x04C5,IEEE802.3 Length Field
0x04C6,IEEE802.3 Length Field
0x04C7,IEEE802.3 Length Field
0x04C8,IEEE802.3 Length Field
0x04C9,IEEE802.3 Length Field
0x04CA,IEEE802.3 Length Field
0x04CB,IEEE802.3 Length Field
0x04CC,IEEE802.3 Length Field
0x04CD,IEEE802.3 Length Field
0x04CE,IEEE802.3 Length Field
0x04CF,IEEE802.3 Length Field
0x04D0,IEEE802.3 Length Field
0x04D1,IEEE802.3 Length Field
0x04D2,IEEE802.3 Length Field
0x04D3,IEEE802.3 Length Field
0x04D4,IEEE802.3 Length Field
0x04D5,IEEE802.3 Length Field
0x04D6,IEEE802.3 Length Field
0x04D7,IEEE802.3 Length Field
0x04D8,IEEE802.3 Length Field
0x04D9,IEEE802.3 Length Field
0x04DA,IEEE802.3 Length Field
0x04DB,IEEE802.3 Length Field
0x04DC,IEEE802.3 Length Field
0x04DD,IEEE802.3 Length Field
0x04DE,IEEE802.3 Length Field
0x04DF,IEEE802.3 Length Field
0x04E0,IEEE802.3 Length Field
0x04E1,IEEE802.3 Length Field
0x04E2,IEEE802.3 Length Field
0x04E3,IEEE802.3 Length Field
0x04E4,IEEE802.3 Length Field
0x04E5,IEEE802.3 Length Field
0x04E6,IEEE802.3 Length Field
0x04E7,IEEE802.3 Length Field
0x04E8,IEEE802.3 Length Field
0x04E9,IEEE802.3 Length Field
0x04EA,IEEE802.3 Length Field
0x04EB,IEEE802.3 Length Field
0x04EC,IEEE802.3 Length Field
0x04ED,IEEE802.3 Length Field
0x04EE,IEEE802.3 Length Field
0x04EF,IEEE802.3 Length Field
0x04F0,IEEE802.3 Length Field
0x04F1,IEEE802.3 Length Field
0x04F2,IEEE802.3 Length Field
0x04F3,IEEE802.3 Length Field
0x04F4,IEEE802.3 Length Field
0x04F5,IEEE802.3 Length Field
0x04F6,IEEE802.3 Length Field
0x04F7,IEEE802.3 Length Field
0x04F8,IEEE802.3 Length Field
0x04F9,IEEE802.3 Length Field
0x04FA,IEEE802.3 Length Field
0x04FB,IEEE802.3 Length Field
0x04FC,IEEE802.3 Length Field
0x04FD,IEEE802.3 Length Field
0x04FE,IEEE802.3 Length Field
0x04FF,IEEE802.3 Length Field
0x0500,IEEE802.3 Length Field
0x0501,IEEE802.3 Length Field
0x0502,IEEE802.3 Length Field
0x0503,IEEE802.3 Length Field
0x0504,IEEE802.3 Length Field
0x0505,IEEE802.3 Length Field
0x0506,IEEE802.3 Length Field
0x0507,IEEE802.3 Length Field
0x0508,IEEE802.3 Length Field
0x0509,IEEE802.3 Length Field
0x050A,IEEE802.3 Length Field
0x050B,IEEE802.3 Length Field
0x050C,IEEE802.3 Length Field
0x050D,IEEE802.3 Length Field
0x050E,IEEE802.3 Length Field
0x050F,IEEE802.3 Length Field
0x0510,IEEE802.3 Length Field
0x0511,IEEE802.3 Length Field
0x0512,IEEE802.3 Length Field
0x0513,IEEE802.3 Length Field
0x0514,IEEE802.3 Length Field
0x0515,IEEE802.3 Length Field
0x0516,IEEE802.3 Length Field
0x0517,IEEE802.3 Length Field
0x0518,IEEE802.3 Length Field
0x0519,IEEE802.3 Length Field
0x051A,IEEE802.3 Length Field
0x051B,IEEE802.3 Length Field
0x051C,IEEE802.3 Length Field
0x051D,IEEE802.3 Length Field
0x051E,IEEE802.3 Length Field
0x051F,IEEE802.3 Length Field
0x0520,IEEE802.3 Length Field
0x0521,IEEE802.3 Length Field
0x0522,IEEE802.3 Length Field
0x0523,IEEE802.3 Length Field
0x0524,IEEE802.3 Length Field
0x0525,IEEE802.3 Length Field
0x0526,IEEE802.3 Length Field
0x0527,IEEE802.3 Length Field
0x0528,IEEE802.3 Length Field
0x0529,IEEE802.3 Length Field
0x052A,IEEE802.3 Length Field
0x052B,IEEE802.3 Length Field
0x052C,IEEE802.3 Length Field
0x052D,IEEE802.3 Length Field
0x052E,IEEE802.3 Length Field
0x052F,IEEE802.3 Length Field
0x0530,IEEE802.3 Length Field
0x0531,IEEE802.3 Length Field
0x0532,IEEE802.3 Length Field
0x0533,IEEE802.3 Length Field
0x0534,IEEE802.3 Length Field
0x0535,IEEE802.3 Length Field
0x0536,IEEE802.3 Length Field
0x0537,IEEE802.3 Length Field
0x0538,IEEE802.3 Length Field
0x0539,IEEE802.3 Length Field
0x053A,IEEE802.3 Length Field
0x053B,IEEE802.3 Length Field
0x053C,IEEE802.3 Length Field
0x053D,IEEE802.3 Length Field
0x053E,IEEE802.3 Length Field
0x053F,IEEE802.3 Length Field
0x0540,IEEE802.3 Length Field
0x0541,IEEE802.3 Length Field
0x0542,IEEE802.3 Length Field
0x0543,IEEE802.3 Length Field
0x0544,IEEE802.3 Length Field
0x0545,IEEE802.3 Length Field
0x0546,IEEE802.3 Length Field
0x0547,IEEE802.3 Length Field
0x0548,IEEE802.3 Length Field
0x0549,IEEE802.3 Length Field
0x054A,IEEE802.3 Length Field
0x054B,IEEE802.3 Length Field
0x054C,IEEE802.3 Length Field
0x054D,IEEE802.3 Length Field
0x054E,IEEE802.3 Length Field
0x054F,IEEE802.3 Length Field
0x0550,IEEE802.3 Length Field
0x0551,IEEE802.3 Length Field
0x0552,IEEE802.3 Length Field
0x0553,IEEE802.3 Length Field
0x0554,IEEE802.3 Length Field
0x0555,IEEE802.3 Length Field
0x0556,IEEE802.3 Length Field
0x0557,IEEE802.3 Length Field
0x0558,IEEE802.3 Length Field
0x0559,IEEE802.3 Length Field
0x055A,IEEE802.3 Length Field
0x055B,IEEE802.3 Length Field
0x055C,IEEE802.3 Length Field
0x055D,IEEE802.3 Length Field
0x055E,IEEE802.3 Length Field
0x055F,IEEE802.3 Length Field
0x0560,IEEE802.3 Length Field
0x0561,IEEE802.3 Length Field
0x0562,IEEE802.3 Length Field
0x0563,IEEE802.3 Length Field
0x0564,IEEE802.3 Length Field
0x0565,IEEE802.3 Length Field
0x0566,IEEE802.3 Length Field
0x0567,IEEE802.3 Length Field
0x0568,IEEE802.3 Length Field
0x0569,IEEE802.3 Length Field
0x056A,IEEE802.3 Length Field
0x056B,IEEE802.3 Length Field
0x056C,IEEE802.3 Length Field
0x056D,IEEE802.3 Length Field
0x056E,IEEE802.3 Length Field
0x056F,IEEE802.3 Length Field
0x0570,IEEE802.3 Length Field
0x0571,IEEE802.3 Length Field
0x0572,IEEE802.3 Length Field
0x0573,IEEE802.3 Length Field
0x0574,IEEE802.3 Length Field
0x0575,IEEE802.3 Length Field
0x0576,IEEE802.3 Length Field
0x0577,IEEE802.3 Length Field
0x0578,IEEE802.3 Length Field
0x0579,IEEE802.3 Length Field
0x057A,IEEE802.3 Length Field
0x057B,IEEE802.3 Length Field
0x057C,IEEE802.3 Length Field
0x057D,IEEE802.3 Length Field
0x057E,IEEE802.3 Length Field
0x057F,IEEE802.3 Length Field
0x0580,IEEE802.3 Length Field
0x0581,IEEE802.3 Length Field
0x0582,IEEE802.3 Length Field
0x0583,IEEE802.3 Length Field
0x0584,IEEE802.3 Length Field
0x0585,IEEE802.3 Length Field
0x0586,IEEE802.3 Length Field
0x0587,IEEE802.3 Length Field
0x0588,IEEE802.3 Length Field
0x0589,IEEE802.3 Length Field
0x058A,IEEE802.3 Length Field
0x058B,IEEE802.3 Length Field
0x058C,IEEE802.3 Length Field
0x058D,IEEE802.3 Length Field
0x058E,IEEE802.3 Length Field
0x058F,IEEE802.3 Length Field
0x0590,IEEE802.3 Length Field
0x0591,IEEE802.3 Length Field
0x0592,IEEE802.3 Length Field
0x0593,IEEE802.3 Length Field
0x0594,IEEE802.3 Length Field
0x0595,IEEE802.3 Length Field
0x0596,IEEE802.3 Length Field
0x0597,IEEE802.3 Length Field
0x0598,IEEE802.3 Length Field
0x0599,IEEE802.3 Length Field
0x059A,IEEE802.3 Length Field
0x059B,IEEE802.3 Length Field
0x059C,IEEE802.3 Length Field
0x059D,IEEE802.3 Length Field
0x059E,IEEE802.3 Length Field
0x059F,IEEE802.3 Length Field
0x05A0,IEEE802.3 Length Field
0x05A1,IEEE802.3 Length Field
0x05A2,IEEE802.3 Length Field
0x05A3,IEEE802.3 Length Field
0x05A4,IEEE802.3 Length Field
0x05A5,IEEE802.3 Length Field
0x05A6,IEEE802.3 Length Field
0x05A7,IEEE802.3 Length Field
0x05A8,IEEE802.3 Length Field
0x05A9,IEEE802.3 Length Field
0x05AA,IEEE802.3 Length Field
0x05AB,IEEE802.3 Length Field
0x05AC,IEEE802.3 Length Field
0x05AD,IEEE802.3 Length Field
0x05AE,IEEE802.3 Length Field
0x05AF,IEEE802.3 Length Field
0x05B0,IEEE802.3 Length Field
0x05B1,IEEE802.3 Length Field
0x05B2,IEEE802.3 Length Field
0x05B3,IEEE802.3 Length Field
0x05B4,IEEE802.3 Length Field
0x05B5,IEEE802.3 Length Field
0x05B6,IEEE802.3 Length Field
0x05B7,IEEE802.3 Length Field
0x05B8,IEEE802.3 Length Field
0x05B9,IEEE802.3 Length Field
0x05BA,IEEE802.3 Length Field
0x05BB,IEEE802.3 Length Field
0x05BC,IEEE802.3 Length Field
0x05BD,IEEE802.3 Length Field
0x05BE,IEEE802.3 Length Field
0x05BF,IEEE802.3 Length Field
0x05C0,IEEE802.3 Length Field
0x05C1,IEEE802.3 Length Field
0x05C2,IEEE802.3 Length Field
0x05C3,IEEE802.3 Length Field
0x05C4,IEEE802.3 Length Field
0x05C5,IEEE802.3 Length Field
0x05C6,IEEE802.3 Length Field
0x05C7,IEEE802.3 Length Field
0x05C8,IEEE802.3 Length Field
0x05C9,IEEE802.3 Length Field
0x05CA,IEEE802.3 Length Field
0x05CB,IEEE802.3 Length Field
0x05CC,IEEE802.3 Length Field
0x05CD,IEEE802.3 Length Field
0x05CE,IEEE802.3 Length Field
0x05CF,IEEE802.3 Length Field
0x05D0,IEEE802.3 Length Field
0x05D1,IEEE802.3 Length Field
0x05D2,IEEE802.3 Length Field
0x05D3,IEEE802.3 Length Field
0x05D4,IEEE802.3 Length Field
0x05D5,IEEE802.3 Length Field
0x05D6,IEEE802.3 Length Field
0x05D7,IEEE802.3 Length Field
0x05D8,IEEE802.3 Length Field
0x05D9,IEEE802.3 Length Field
0x05DA,IEEE802.3 Length Field
0x05DB,IEEE802.3 Length Field
0x05DC,IEEE802.3 Length Field
0x0101,Experimental
0x0102,Experimental
0x0103,Experimental
0x0104,Experimental
0x0105,Experimental
0x0106,Experimental
0x0107,Experimental
0x0108,Experimental
0x0109,Experimental
0x010A,Experimental
0x010B,Experimental
0x010C,Experimental
0x010D,Experimental
0x010E,Experimental
0x010F,Experimental
0x0110,Experimental
0x0111,Experimental
0x0112,Experimental
0x0113,Experimental
0x0114,Experimental
0x0115,Experimental
0x0116,Experimental
0x0117,Experimental
0x0118,Experimental
0x0119,Experimental
0x011A,Experimental
0x011B,Experimental
0x011C,Experimental
0x011D,Experimental
0x011E,Experimental
0x011F,Experimental
0x0120,Experimental
0x0121,Experimental
0x0122,Experimental
0x0123,Experimental
0x0124,Experimental
0x0125,Experimental
0x0126,Experimental
0x0127,Experimental
0x0128,Experimental
0x0129,Experimental
0x012A,Experimental
0x012B,Experimental
0x012C,Experimental
0x012D,Experimental
0x012E,Experimental
0x012F,Experimental
0x0130,Experimental
0x0131,Experimental
0x0132,Experimental
0x0133,Experimental
0x0134,Experimental
0x0135,Experimental
0x0136,Experimental
0x0137,Experimental
0x0138,Experimental
0x0139,Experimental
0x013A,Experimental
0x013B,Experimental
0x013C,Experimental
0x013D,Experimental
0x013E,Experimental
0x013F,Experimental
0x0140,Experimental
0x0141,Experimental
0x0142,Experimental
0x0143,Experimental
0x0144,Experimental
0x0145,Experimental
0x0146,Experimental
0x0147,Experimental
0x0148,Experimental
0x0149,Experimental
0x014A,Experimental
0x014B,Experimental
0x014C,Experimental
0x014D,Experimental
0x014E,Experimental
0x014F,Experimental
0x0150,Experimental
0x0151,Experimental
0x0152,Experimental
0x0153,Experimental
0x0154,Experimental
0x0155,Experimental
0x0156,Experimental
0x0157,Experimental
0x0158,Experimental
0x0159,Experimental
0x015A,Experimental
0x015B,Experimental
0x015C,Experimental
0x015D,Experimental
0x015E,Experimental
0x015F,Experimental
0x0160,Experimental
0x0161,Experimental
0x0162,Experimental
0x0163,Experimental
0x0164,Experimental
0x0165,Experimental
0x0166,Experimental
0x0167,Experimental
0x0168,Experimental
0x0169,Experimental
0x016A,Experimental
0x016B,Experimental
0x016C,Experimental
0x016D,Experimental
0x016E,Experimental
0x016F,Experimental
0x0170,Experimental
0x0171,Experimental
0x0172,Experimental
0x0173,Experimental
0x0174,Experimental
0x0175,Experimental
0x0176,Experimental
0x0177,Experimental
0x0178,Experimental
0x0179,Experimental
0x017A,Experimental
0x017B,Experimental
0x017C,Experimental
0x017D,Experimental
0x017E,Experimental
0x017F,Experimental
0x0180,Experimental
0x0181,Experimental
0x0182,Experimental
0x0183,Experimental
0x0184,Experimental
0x0185,Experimental
0x0186,Experimental
0x0187,Experimental
0x0188,Experimental
0x0189,Experimental
0x018A,Experimental
0x018B,Experimental
0x018C,Experimental
0x018D,Experimental
0x018E,Experimental
0x018F,Experimental
0x0190,Experimental
0x0191,Experimental
0x0192,Experimental
0x0193,Experimental
0x0194,Experimental
0x0195,Experimental
0x0196,Experimental
0x0197,Experimental
0x0198,Experimental
0x0199,Experimental
0x019A,Experimental
0x019B,Experimental
0x019C,Experimental
0x019D,Experimental
0x019E,Experimental
0x019F,Experimental
0x01A0,Experimental
0x01A1,Experimental
0x01A2,Experimental
0x01A3,Experimental
0x01A4,Experimental
0x01A5,Experimental
0x01A6,Experimental
0x01A7,Experimental
0x01A8,Experimental
0x01A9,Experimental
0x01AA,Experimental
0x01AB,Experimental
0x01AC,Experimental
0x01AD,Experimental
0x01AE,Experimental
0x01AF,Experimental
0x01B0,Experimental
0x01B1,Experimental
0x01B2,Experimental
0x01B3,Experimental
0x01B4,Experimental
0x01B5,Experimental
0x01B6,Experimental
0x01B7,Experimental
0x01B8,Experimental
0x01B9,Experimental
0x01BA,Experimental
0x01BB,Experimental
0x01BC,Experimental
0x01BD,Experimental
0x01BE,Experimental
0x01BF,Experimental
0x01C0,Experimental
0x01C1,Experimental
0x01C2,Experimental
0x01C3,Experimental
0x01C4,Experimental
0x01C5,Experimental
0x01C6,Experimental
0x01C7,Experimental
0x01C8,Experimental
0x01C9,Experimental
0x01CA,Experimental
0x01CB,Experimental
0x01CC,Experimental
0x01CD,Experimental
0x01CE,Experimental
0x01CF,Experimental
0x01D0,Experimental
0x01D1,Experimental
0x01D2,Experimental
0x01D3,Experimental
0x01D4,Experimental
0x01D5,Experimental
0x01D6,Experimental
0x01D7,Experimental
0x01D8,Experimental
0x01D9,Experimental
0x01DA,Experimental
0x01DB,Experimental
0x01DC,Experimental
0x01DD,Experimental
0x01DE,Experimental
0x01DF,Experimental
0x01E0,Experimental
0x01E1,Experimental
0x01E2,Experimental
0x01E3,Experimental
0x01E4,Experimental
0x01E5,Experimental
0x01E6,Experimental
0x01E7,Experimental
0x01E8,Experimental
0x01E9,Experimental
0x01EA,Experimental
0x01EB,Experimental
0x01EC,Experimental
0x01ED,Experimental
0x01EE,Experimental
0x01EF,Experimental
0x01F0,Experimental
0x01F1,Experimental
0x01F2,Experimental
0x01F3,Experimental
0x01F4,Experimental
0x01F5,Experimental
0x01F6,Experimental
0x01F7,Experimental
0x01F8,Experimental
0x01F9,Experimental
0x01FA,Experimental
0x01FB,Experimental
0x01FC,Experimental
0x01FD,Experimental
0x01FE,Experimental
0x01FF,Experimental
0x0200,XEROX PUP (see 0A00)
0x0201,PUP Addr Trans (see 0A01)
0x0400,Nixdorf
0x0600,XEROX NS IDP
0x0660,DLOG
0x0661,DLOG
0x0800,Internet Protocol version 4 (IPv4)
0x0801,X.75 Internet
0x0802,NBS Internet
0x0803,ECMA Internet
0x0804,Chaosnet
0x0805,X.25 Level 3
0x0806,Address Resolution Protocol (ARP)
0x0807,XNS Compatability
0x0808,Frame Relay ARP
0x081C,Symbolics Private
0x0888,Xyplex
0x0889,Xyplex
0x088A,Xyplex
0x0900,Ungermann-Bass net debugr
0x0A00,Xerox IEEE802.3 PUP
0x0A01,PUP Addr Trans
0x0BAD,Banyan VINES
0x0BAE,VINES Loopback
0x0BAF,VINES Echo
0x1000,Berkeley Trailer nego
0x1001,Berkeley Trailer encap/IP
0x1002,Berkeley Trailer encap/IP
0x1003,Berkeley Trailer encap/IP
0x1004,Berkeley Trailer encap/IP
0x1005,Berkeley Trailer encap/IP
0x1006,Berkeley Trailer encap/IP
0x1007,Berkeley Trailer encap/IP
0x1008,Berkeley Trailer encap/IP
0x1009,Berkeley Trailer encap/IP
0x100A,Berkeley Trailer encap/IP
0x100B,Berkeley Trailer encap/IP
0x100C,Berkeley Trailer encap/IP
0x100D,Berkeley Trailer encap/IP
0x100E,Berkeley Trailer encap/IP
0x100F,Berkeley Trailer encap/IP
0x1600,Valid Systems
0x22F3,TRILL
0x22F4,L2-IS-IS
0x4242,PCS Basic Block Protocol
0x5208,BBN Simnet
0x6000,DEC Unassigned (Exp.)
0x6001,DEC MOP Dump/Load
0x6002,DEC MOP Remote Console
0x6003,DEC DECNET Phase IV Route
0x6004,DEC LAT
0x6005,DEC Diagnostic Protocol
0x6006,DEC Customer Protocol
0x6007,"DEC LAVC, SCA"
0x6008,DEC Unassigned
0x6009,DEC Unassigned
0x6010,3Com Corporation
0x6011,3Com Corporation
0x6012,3Com Corporation
0x6013,3Com Corporation
0x6014,3Com Corporation
0x6558,Trans Ether Bridging
0x6559,Raw Frame Relay
0x7000,Ungermann-Bass download
0x7002,Ungermann-Bass dia/loop
0x7020,LRT
0x7021,LRT
0x7022,LRT
0x7023,LRT
0x7024,LRT
0x7025,LRT
0x7026,LRT
0x7027,LRT
0x7028,LRT
0x7029,LRT
0x7030,Proteon
0x7034,Cabletron
0x8003,Cronus VLN
0x8004,Cronus Direct
0x8005,HP Probe
0x8006,Nestar
0x8008,AT&T
0x8010,Excelan
0x8013,SGI diagnostics
0x8014,SGI network games
0x8015,SGI reserved
0x8016,SGI bounce server
0x8019,Apollo Domain
0x802E,Tymshare
0x802F,"Tigan, Inc."
0x8035,Reverse Address Resolution Protocol (RARP)
0x8036,Aeonic Systems
0x8038,DEC LANBridge
0x8039,DEC Unassigned
0x803A,DEC Unassigned
0x803B,DEC Unassigned
0x803C,DEC Unassigned
0x803D,DEC Ethernet Encryption
0x803E,DEC Unassigned
0x803F,DEC LAN Traffic Monitor
0x8040,DEC Unassigned
0x8041,DEC Unassigned
0x8042,DEC Unassigned
0x8044,Planning Research Corp.
0x8046,AT&T
0x8047,AT&T
0x8049,ExperData
0x805B,Stanford V Kernel exp.
0x805C,Stanford V Kernel prod.
0x805D,Evans & Sutherland
0x8060,Little Machines
0x8062,Counterpoint Computers
0x8065,Univ. of Mass. @ Amherst
0x8066,Univ. of Mass. @ Amherst
0x8067,Veeco Integrated Auto.
0x8068,General Dynamics
0x8069,AT&T
0x806A,Autophon
0x806C,ComDesign
0x806D,Computgraphic Corp.
0x806E,Landmark Graphics Corp.
0x806F,Landmark Graphics Corp.
0x8070,Landmark Graphics Corp.
0x8071,Landmark Graphics Corp.
0x8072,Landmark Graphics Corp.
0x8073,Landmark Graphics Corp.
0x8074,Landmark Graphics Corp.
0x8075,Landmark Graphics Corp.
0x8076,Landmark Graphics Corp.
0x8077,Landmark Graphics Corp.
0x807A,Matra
0x807B,Dansk Data Elektronik
0x807C,Merit Internodal
0x807D,Vitalink Communications
0x807E,Vitalink Communications
0x807F,Vitalink Communications
0x8080,Vitalink TransLAN III
0x8081,Counterpoint Computers
0x8082,Counterpoint Computers
0x8083,Counterpoint Computers
0x809B,Appletalk
0x809C,Datability
0x809D,Datability
0x809E,Datability
0x809F,Spider Systems Ltd.
0x80A3,Nixdorf Computers
0x80A4,Siemens Gammasonics Inc.
0x80A5,Siemens Gammasonics Inc.
0x80A6,Siemens Gammasonics Inc.
0x80A7,Siemens Gammasonics Inc.
0x80A8,Siemens Gammasonics Inc.
0x80A9,Siemens Gammasonics Inc.
0x80AA,Siemens Gammasonics Inc.
0x80AB,Siemens Gammasonics Inc.
0x80AC,Siemens Gammasonics Inc.
0x80AD,Siemens Gammasonics Inc.
0x80AE,Siemens Gammasonics Inc.
0x80AF,Siemens Gammasonics Inc.
0x80B0,Siemens Gammasonics Inc.
0x80B1,Siemens Gammasonics Inc.
0x80B2,Siemens Gammasonics Inc.
0x80B3,Siemens Gammasonics Inc.
0x80C0,DCA Data Exchange Cluster
0x80C1,DCA Data Exchange Cluster
0x80C2,DCA Data Exchange Cluster
0x80C3,DCA Data Exchange Cluster
0x80C4,Banyan Systems
0x80C5,Banyan Systems
0x80C6,Pacer Software
0x80C7,Applitek Corporation
0x80C8,Intergraph Corporation
0x80C9,Intergraph Corporation
0x80CA,Intergraph Corporation
0x80CB,Intergraph Corporation
0x80CC,Intergraph Corporation
0x80CD,Harris Corporation
0x80CE,Harris Corporation
0x80CF,Taylor Instrument
0x80D0,Taylor Instrument
0x80D1,Taylor Instrument
0x80D2,Taylor Instrument
0x80D3,Rosemount Corporation
0x80D4,Rosemount Corporation
0x80D5,IBM SNA Service on Ether
0x80DD,Varian Associates
0x80DE,Integrated Solutions TRFS
0x80DF,Integrated Solutions TRFS
0x80E0,Allen-Bradley
0x80E1,Allen-Bradley
0x80E2,Allen-Bradley
0x80E3,Allen-Bradley
0x80E4,Datability
0x80E5,Datability
0x80E6,Datability
0x80E7,Datability
0x80E8,Datability
0x80E9,Datability
0x80EA,Datability
0x80EB,Datability
0x80EC,Datability
0x80ED,Datability
0x80EE,Datability
0x80EF,Datability
0x80F0,Datability
0x80F2,Retix
0x80F3,AppleTalk AARP (Kinetics)
0x80F4,Kinetics
0x80F5,Kinetics
0x80F7,Apollo Computer
0x80FF,Wellfleet Communications
0x8100,"Customer VLAN Tag Type (C-Tag, formerly called the Q-Tag) (initially Wellfleet)"
0x8101,Wellfleet Communications
0x8102,Wellfleet Communications
0x8103,Wellfleet Communications
0x8107,Symbolics Private
0x8108,Symbolics Private
0x8109,Symbolics Private
0x8130,Hayes Microcomputers
0x8131,VG Laboratory Systems
0x8132,Bridge Communications
0x8133,Bridge Communications
0x8134,Bridge Communications
0x8135,Bridge Communications
0x8136,Bridge Communications
0x8137,"Novell, Inc."
0x8138,"Novell, Inc."
0x8139,KTI
0x813A,KTI
0x813B,KTI
0x813C,KTI
0x813D,KTI
0x8148,Logicraft
0x8149,Network Computing Devices
0x814A,Alpha Micro
0x814C,SNMP
0x814D,BIIN
0x814E,BIIN
0x814F,Technically Elite Concept
0x8150,Rational Corp
0x8151,Qualcomm
0x8152,Qualcomm
0x8153,Qualcomm
0x815C,Computer Protocol Pty Ltd
0x815D,Computer Protocol Pty Ltd
0x815E,Computer Protocol Pty Ltd
0x8164,Charles River Data System
0x8165,Charles River Data System
0x8166,Charles River Data System
0x817D,XTP
0x817E,SGI/Time Warner prop.
0x8180,HIPPI-FP encapsulation
0x8181,"STP, HIPPI-ST"
0x8182,Reserved for HIPPI-6400
0x8183,Reserved for HIPPI-6400
0x8184,Silicon Graphics prop.
0x8185,Silicon Graphics prop.
0x8186,Silicon Graphics prop.
0x8187,Silicon Graphics prop.
0x8188,Silicon Graphics prop.
0x8189,Silicon Graphics prop.
0x818A,Silicon Graphics prop.
0x818B,Silicon Graphics prop.
0x818C,Silicon Graphics prop.
0x818D,Motorola Computer
0x819A,Qualcomm
0x819B,Qualcomm
0x819C,Qualcomm
0x819D,Qualcomm
0x819E,Qualcomm
0x819F,Qualcomm
0x81A0,Qualcomm
0x81A1,Qualcomm
0x81A2,Qualcomm
0x81A3,Qualcomm
0x81A4,ARAI Bunkichi
0x81A5,RAD Network Devices
0x81A6,RAD Network Devices
0x81A7,RAD Network Devices
0x81A8,RAD Network Devices
0x81A9,RAD Network Devices
0x81AA,RAD Network Devices
0x81AB,RAD Network Devices
0x81AC,RAD Network Devices
0x81AD,RAD Network Devices
0x81AE,RAD Network Devices
0x81B7,Xyplex
0x81B8,Xyplex
0x81B9,Xyplex
0x81CC,Apricot Computers
0x81CD,Apricot Computers
0x81CE,Apricot Computers
0x81CF,Apricot Computers
0x81D0,Apricot Computers
0x81D1,Apricot Computers
0x81D2,Apricot Computers
0x81D3,Apricot Computers
0x81D4,Apricot Computers
0x81D5,Apricot Computers
0x81D6,Artisoft
0x81D7,Artisoft
0x81D8,Artisoft
0x81D9,Artisoft
0x81DA,Artisoft
0x81DB,Artisoft
0x81DC,Artisoft
0x81DD,Artisoft
0x81E6,Polygon
0x81E7,Polygon
0x81E8,Polygon
0x81E9,Polygon
0x81EA,Polygon
0x81EB,Polygon
0x81EC,Polygon
0x81ED,Polygon
0x81EE,Polygon
0x81EF,Polygon
0x81F0,Comsat Labs
0x81F1,Comsat Labs
0x81F2,Comsat Labs
0x81F3,SAIC
0x81F4,SAIC
0x81F5,SAIC
0x81F6,VG Analytical
0x81F7,VG Analytical
0x81F8,VG Analytical
0x8203,Quantum Software
0x8204,Quantum Software
0x8205,Quantum Software
0x8221,Ascom Banking Systems
0x8222,Ascom Banking Systems
0x823E,Advanced Encryption Syste
0x823F,Advanced Encryption Syste
0x8240,Advanced Encryption Syste
0x827F,Athena Programming
0x8280,Athena Programming
0x8281,Athena Programming
0x8282,Athena Programming
0x8263,Charles River Data System
0x8264,Charles River Data System
0x8265,Charles River Data System
0x8266,Charles River Data System
0x8267,Charles River Data System
0x8268,Charles River Data System
0x8269,Charles River Data System
0x826A,Charles River Data System
0x829A,Inst Ind Info Tech
0x829B,Inst Ind Info Tech
0x829C,Taurus Controls
0x829D,Taurus Controls
0x829E,Taurus Controls
0x829F,Taurus Controls
0x82A0,Taurus Controls
0x82A1,Taurus Controls
0x82A2,Taurus Controls
0x82A3,Taurus Controls
0x82A4,Taurus Controls
0x82A5,Taurus Controls
0x82A6,Taurus Controls
0x82A7,Taurus Controls
0x82A8,Taurus Controls
0x82A9,Taurus Controls
0x82AA,Taurus Controls
0x82AB,Taurus Controls
0x82AC,Walker Richer & Quinn
0x82AD,Walker Richer & Quinn
0x82AE,Walker Richer & Quinn
0x82AF,Walker Richer & Quinn
0x82B0,Walker Richer & Quinn
0x82B1,Walker Richer & Quinn
0x82B2,Walker Richer & Quinn
0x82B3,Walker Richer & Quinn
0x82B4,Walker Richer & Quinn
0x82B5,Walker Richer & Quinn
0x82B6,Walker Richer & Quinn
0x82B7,Walker Richer & Quinn
0x82B8,Walker Richer & Quinn
0x82B9,Walker Richer & Quinn
0x82BA,Walker Richer & Quinn
0x82BB,Walker Richer & Quinn
0x82BC,Walker Richer & Quinn
0x82BD,Walker Richer & Quinn
0x82BE,Walker Richer & Quinn
0x82BF,Walker Richer & Quinn
0x82C0,Walker Richer & Quinn
0x82C1,Walker Richer & Quinn
0x82C2,Walker Richer & Quinn
0x82C3,Walker Richer & Quinn
0x82C4,Walker Richer & Quinn
0x82C5,Walker Richer & Quinn
0x82C6,Walker Richer & Quinn
0x82C7,Walker Richer & Quinn
0x82C8,Walker Richer & Quinn
0x82C9,Walker Richer & Quinn
0x82CA,Walker Richer & Quinn
0x82CB,Walker Richer & Quinn
0x82CC,Walker Richer & Quinn
0x82CD,Walker Richer & Quinn
0x82CE,Walker Richer & Quinn
0x82CF,Walker Richer & Quinn
0x82D0,Walker Richer & Quinn
0x82D1,Walker Richer & Quinn
0x82D2,Walker Richer & Quinn
0x82D3,Walker Richer & Quinn
0x82D4,Walker Richer & Quinn
0x82D5,Walker Richer & Quinn
0x82D6,Walker Richer & Quinn
0x82D7,Walker Richer & Quinn
0x82D8,Walker Richer & Quinn
0x82D9,Walker Richer & Quinn
0x82DA,Walker Richer & Quinn
0x82DB,Walker Richer & Quinn
0x82DC,Walker Richer & Quinn
0x82DD,Walker Richer & Quinn
0x82DE,Walker Richer & Quinn
0x82DF,Walker Richer & Quinn
0x82E0,Walker Richer & Quinn
0x82E1,Walker Richer & Quinn
0x82E2,Walker Richer & Quinn
0x82E3,Walker Richer & Quinn
0x82E4,Walker Richer & Quinn
0x82E5,Walker Richer & Quinn
0x82E6,Walker Richer & Quinn
0x82E7,Walker Richer & Quinn
0x82E8,Walker Richer & Quinn
0x82E9,Walker Richer & Quinn
0x82EA,Walker Richer & Quinn
0x82EB,Walker Richer & Quinn
0x82EC,Walker Richer & Quinn
0x82ED,Walker Richer & Quinn
0x82EE,Walker Richer & Quinn
0x82EF,Walker Richer & Quinn
0x82F0,Walker Richer & Quinn
0x82F1,Walker Richer & Quinn
0x82F2,Walker Richer & Quinn
0x82F3,Walker Richer & Quinn
0x82F4,Walker Richer & Quinn
0x82F5,Walker Richer & Quinn
0x82F6,Walker Richer & Quinn
0x82F7,Walker Richer & Quinn
0x82F8,Walker Richer & Quinn
0x82F9,Walker Richer & Quinn
0x82FA,Walker Richer & Quinn
0x82FB,Walker Richer & Quinn
0x82FC,Walker Richer & Quinn
0x82FD,Walker Richer & Quinn
0x82FE,Walker Richer & Quinn
0x82FF,Walker Richer & Quinn
0x8300,Walker Richer & Quinn
0x8301,Walker Richer & Quinn
0x8302,Walker Richer & Quinn
0x8303,Walker Richer & Quinn
0x8304,Walker Richer & Quinn
0x8305,Walker Richer & Quinn
0x8306,Walker Richer & Quinn
0x8307,Walker Richer & Quinn
0x8308,Walker Richer & Quinn
0x8309,Walker Richer & Quinn
0x830A,Walker Richer & Quinn
0x830B,Walker Richer & Quinn
0x830C,Walker Richer & Quinn
0x830D,Walker Richer & Quinn
0x830E,Walker Richer & Quinn
0x830F,Walker Richer & Quinn
0x8310,Walker Richer & Quinn
0x8311,Walker Richer & Quinn
0x8312,Walker Richer & Quinn
0x8313,Walker Richer & Quinn
0x8314,Walker Richer & Quinn
0x8315,Walker Richer & Quinn
0x8316,Walker Richer & Quinn
0x8317,Walker Richer & Quinn
0x8318,Walker Richer & Quinn
0x8319,Walker Richer & Quinn
0x831A,Walker Richer & Quinn
0x831B,Walker Richer & Quinn
0x831C,Walker Richer & Quinn
0x831D,Walker Richer & Quinn
0x831E,Walker Richer & Quinn
0x831F,Walker Richer & Quinn
0x8320,Walker Richer & Quinn
0x8321,Walker Richer & Quinn
0x8322,Walker Richer & Quinn
0x8323,Walker Richer & Quinn
0x8324,Walker Richer & Quinn
0x8325,Walker Richer & Quinn
0x8326,Walker Richer & Quinn
0x8327,Walker Richer & Quinn
0x8328,Walker Richer & Quinn
0x8329,Walker Richer & Quinn
0x832A,Walker Richer & Quinn
0x832B,Walker Richer & Quinn
0x832C,Walker Richer & Quinn
0x832D,Walker Richer & Quinn
0x832E,Walker Richer & Quinn
0x832F,Walker Richer & Quinn
0x8330,Walker Richer & Quinn
0x8331,Walker Richer & Quinn
0x8332,Walker Richer & Quinn
0x8333,Walker Richer & Quinn
0x8334,Walker Richer & Quinn
0x8335,Walker Richer & Quinn
0x8336,Walker Richer & Quinn
0x8337,Walker Richer & Quinn
0x8338,Walker Richer & Quinn
0x8339,Walker Richer & Quinn
0x833A,Walker Richer & Quinn
0x833B,Walker Richer & Quinn
0x833C,Walker Richer & Quinn
0x833D,Walker Richer & Quinn
0x833E,Walker Richer & Quinn
0x833F,Walker Richer & Quinn
0x8340,Walker Richer & Quinn
0x8341,Walker Richer & Quinn
0x8342,Walker Richer & Quinn
0x8343,Walker Richer & Quinn
0x8344,Walker Richer & Quinn
0x8345,Walker Richer & Quinn
0x8346,Walker Richer & Quinn
0x8347,Walker Richer & Quinn
0x8348,Walker Richer & Quinn
0x8349,Walker Richer & Quinn
0x834A,Walker Richer & Quinn
0x834B,Walker Richer & Quinn
0x834C,Walker Richer & Quinn
0x834D,Walker Richer & Quinn
0x834E,Walker Richer & Quinn
0x834F,Walker Richer & Quinn
0x8350,Walker Richer & Quinn
0x8351,Walker Richer & Quinn
0x8352,Walker Richer & Quinn
0x8353,Walker Richer & Quinn
0x8354,Walker Richer & Quinn
0x8355,Walker Richer & Quinn
0x8356,Walker Richer & Quinn
0x8357,Walker Richer & Quinn
0x8358,Walker Richer & Quinn
0x8359,Walker Richer & Quinn
0x835A,Walker Richer & Quinn
0x835B,Walker Richer & Quinn
0x835C,Walker Richer & Quinn
0x835D,Walker Richer & Quinn
0x835E,Walker Richer & Quinn
0x835F,Walker Richer & Quinn
0x8360,Walker Richer & Quinn
0x8361,Walker Richer & Quinn
0x8362,Walker Richer & Quinn
0x8363,Walker Richer & Quinn
0x8364,Walker Richer & Quinn
0x8365,Walker Richer & Quinn
0x8366,Walker Richer & Quinn
0x8367,Walker Richer & Quinn
0x8368,Walker Richer & Quinn
0x8369,Walker Richer & Quinn
0x836A,Walker Richer & Quinn
0x836B,Walker Richer & Quinn
0x836C,Walker Richer & Quinn
0x836D,Walker Richer & Quinn
0x836E,Walker Richer & Quinn
0x836F,Walker Richer & Quinn
0x8370,Walker Richer & Quinn
0x8371,Walker Richer & Quinn
0x8372,Walker Richer & Quinn
0x8373,Walker Richer & Quinn
0x8374,Walker Richer & Quinn
0x8375,Walker Richer & Quinn
0x8376,Walker Richer & Quinn
0x8377,Walker Richer & Quinn
0x8378,Walker Richer & Quinn
0x8379,Walker Richer & Quinn
0x837A,Walker Richer & Quinn
0x837B,Walker Richer & Quinn
0x837C,Walker Richer & Quinn
0x837D,Walker Richer & Quinn
0x837E,Walker Richer & Quinn
0x837F,Walker Richer & Quinn
0x8380,Walker Richer & Quinn
0x8381,Walker Richer & Quinn
0x8382,Walker Richer & Quinn
0x8383,Walker Richer & Quinn
0x8384,Walker Richer & Quinn
0x8385,Walker Richer & Quinn
0x8386,Walker Richer & Quinn
0x8387,Walker Richer & Quinn
0x8388,Walker Richer & Quinn
0x8389,Walker Richer & Quinn
0x838A,Walker Richer & Quinn
0x838B,Walker Richer & Quinn
0x838C,Walker Richer & Quinn
0x838D,Walker Richer & Quinn
0x838E,Walker Richer & Quinn
0x838F,Walker Richer & Quinn
0x8390,Walker Richer & Quinn
0x8391,Walker Richer & Quinn
0x8392,Walker Richer & Quinn
0x8393,Walker Richer & Quinn
0x8394,Walker Richer & Quinn
0x8395,Walker Richer & Quinn
0x8396,Walker Richer & Quinn
0x8397,Walker Richer & Quinn
0x8398,Walker Richer & Quinn
0x8399,Walker Richer & Quinn
0x839A,Walker Richer & Quinn
0x839B,Walker Richer & Quinn
0x839C,Walker Richer & Quinn
0x839D,Walker Richer & Quinn
0x839E,Walker Richer & Quinn
0x839F,Walker Richer & Quinn
0x83A0,Walker Richer & Quinn
0x83A1,Walker Richer & Quinn
0x83A2,Walker Richer & Quinn
0x83A3,Walker Richer & Quinn
0x83A4,Walker Richer & Quinn
0x83A5,Walker Richer & Quinn
0x83A6,Walker Richer & Quinn
0x83A7,Walker Richer & Quinn
0x83A8,Walker Richer & Quinn
0x83A9,Walker Richer & Quinn
0x83AA,Walker Richer & Quinn
0x83AB,Walker Richer & Quinn
0x83AC,Walker Richer & Quinn
0x83AD,Walker Richer & Quinn
0x83AE,Walker Richer & Quinn
0x83AF,Walker Richer & Quinn
0x83B0,Walker Richer & Quinn
0x83B1,Walker Richer & Quinn
0x83B2,Walker Richer & Quinn
0x83B3,Walker Richer & Quinn
0x83B4,Walker Richer & Quinn
0x83B5,Walker Richer & Quinn
0x83B6,Walker Richer & Quinn
0x83B7,Walker Richer & Quinn
0x83B8,Walker Richer & Quinn
0x83B9,Walker Richer & Quinn
0x83BA,Walker Richer & Quinn
0x83BB,Walker Richer & Quinn
0x83BC,Walker Richer & Quinn
0x83BD,Walker Richer & Quinn
0x83BE,Walker Richer & Quinn
0x83BF,Walker Richer & Quinn
0x83C0,Walker Richer & Quinn
0x83C1,Walker Richer & Quinn
0x83C2,Walker Richer & Quinn
0x83C3,Walker Richer & Quinn
0x83C4,Walker Richer & Quinn
0x83C5,Walker Richer & Quinn
0x83C6,Walker Richer & Quinn
0x83C7,Walker Richer & Quinn
0x83C8,Walker Richer & Quinn
0x83C9,Walker Richer & Quinn
0x83CA,Walker Richer & Quinn
0x83CB,Walker Richer & Quinn
0x83CC,Walker Richer & Quinn
0x83CD,Walker Richer & Quinn
0x83CE,Walker Richer & Quinn
0x83CF,Walker Richer & Quinn
0x83D0,Walker Richer & Quinn
0x83D1,Walker Richer & Quinn
0x83D2,Walker Richer & Quinn
0x83D3,Walker Richer & Quinn
0x83D4,Walker Richer & Quinn
0x83D5,Walker Richer & Quinn
0x83D6,Walker Richer & Quinn
0x83D7,Walker Richer & Quinn
0x83D8,Walker Richer & Quinn
0x83D9,Walker Richer & Quinn
0x83DA,Walker Richer & Quinn
0x83DB,Walker Richer & Quinn
0x83DC,Walker Richer & Quinn
0x83DD,Walker Richer & Quinn
0x83DE,Walker Richer & Quinn
0x83DF,Walker Richer & Quinn
0x83E0,Walker Richer & Quinn
0x83E1,Walker Richer & Quinn
0x83E2,Walker Richer & Quinn
0x83E3,Walker Richer & Quinn
0x83E4,Walker Richer & Quinn
0x83E5,Walker Richer & Quinn
0x83E6,Walker Richer & Quinn
0x83E7,Walker Richer & Quinn
0x83E8,Walker Richer & Quinn
0x83E9,Walker Richer & Quinn
0x83EA,Walker Richer & Quinn
0x83EB,Walker Richer & Quinn
0x83EC,Walker Richer & Quinn
0x83ED,Walker Richer & Quinn
0x83EE,Walker Richer & Quinn
0x83EF,Walker Richer & Quinn
0x83F0,Walker Richer & Quinn
0x83F1,Walker Richer & Quinn
0x83F2,Walker Richer & Quinn
0x83F3,Walker Richer & Quinn
0x83F4,Walker Richer & Quinn
0x83F5,Walker Richer & Quinn
0x83F6,Walker Richer & Quinn
0x83F7,Walker Richer & Quinn
0x83F8,Walker Richer & Quinn
0x83F9,Walker Richer & Quinn
0x83FA,Walker Richer & Quinn
0x83FB,Walker Richer & Quinn
0x83FC,Walker Richer & Quinn
0x83FD,Walker Richer & Quinn
0x83FE,Walker Richer & Quinn
0x83FF,Walker Richer & Quinn
0x8400,Walker Richer & Quinn
0x8401,Walker Richer & Quinn
0x8402,Walker Richer & Quinn
0x8403,Walker Richer & Quinn
0x8404,Walker Richer & Quinn
0x8405,Walker Richer & Quinn
0x8406,Walker Richer & Quinn
0x8407,Walker Richer & Quinn
0x8408,Walker Richer & Quinn
0x8409,Walker Richer & Quinn
0x840A,Walker Richer & Quinn
0x840B,Walker Richer & Quinn
0x840C,Walker Richer & Quinn
0x840D,Walker Richer & Quinn
0x840E,Walker Richer & Quinn
0x840F,Walker Richer & Quinn
0x8410,Walker Richer & Quinn
0x8411,Walker Richer & Quinn
0x8412,Walker Richer & Quinn
0x8413,Walker Richer & Quinn
0x8414,Walker Richer & Quinn
0x8415,Walker Richer & Quinn
0x8416,Walker Richer & Quinn
0x8417,Walker Richer & Quinn
0x8418,Walker Richer & Quinn
0x8419,Walker Richer & Quinn
0x841A,Walker Richer & Quinn
0x841B,Walker Richer & Quinn
0x841C,Walker Richer & Quinn
0x841D,Walker Richer & Quinn
0x841E,Walker Richer & Quinn
0x841F,Walker Richer & Quinn
0x8420,Walker Richer & Quinn
0x8421,Walker Richer & Quinn
0x8422,Walker Richer & Quinn
0x8423,Walker Richer & Quinn
0x8424,Walker Richer & Quinn
0x8425,Walker Richer & Quinn
0x8426,Walker Richer & Quinn
0x8427,Walker Richer & Quinn
0x8428,Walker Richer & Quinn
0x8429,Walker Richer & Quinn
0x842A,Walker Richer & Quinn
0x842B,Walker Richer & Quinn
0x842C,Walker Richer & Quinn
0x842D,Walker Richer & Quinn
0x842E,Walker Richer & Quinn
0x842F,Walker Richer & Quinn
0x8430,Walker Richer & Quinn
0x8431,Walker Richer & Quinn
0x8432,Walker Richer & Quinn
0x8433,Walker Richer & Quinn
0x8434,Walker Richer & Quinn
0x8435,Walker Richer & Quinn
0x8436,Walker Richer & Quinn
0x8437,Walker Richer & Quinn
0x8438,Walker Richer & Quinn
0x8439,Walker Richer & Quinn
0x843A,Walker Richer & Quinn
0x843B,Walker Richer & Quinn
0x843C,Walker Richer & Quinn
0x843D,Walker Richer & Quinn
0x843E,Walker Richer & Quinn
0x843F,Walker Richer & Quinn
0x8440,Walker Richer & Quinn
0x8441,Walker Richer & Quinn
0x8442,Walker Richer & Quinn
0x8443,Walker Richer & Quinn
0x8444,Walker Richer & Quinn
0x8445,Walker Richer & Quinn
0x8446,Walker Richer & Quinn
0x8447,Walker Richer & Quinn
0x8448,Walker Richer & Quinn
0x8449,Walker Richer & Quinn
0x844A,Walker Richer & Quinn
0x844B,Walker Richer & Quinn
0x844C,Walker Richer & Quinn
0x844D,Walker Richer & Quinn
0x844E,Walker Richer & Quinn
0x844F,Walker Richer & Quinn
0x8450,Walker Richer & Quinn
0x8451,Walker Richer & Quinn
0x8452,Walker Richer & Quinn
0x8453,Walker Richer & Quinn
0x8454,Walker Richer & Quinn
0x8455,Walker Richer & Quinn
0x8456,Walker Richer & Quinn
0x8457,Walker Richer & Quinn
0x8458,Walker Richer & Quinn
0x8459,Walker Richer & Quinn
0x845A,Walker Richer & Quinn
0x845B,Walker Richer & Quinn
0x845C,Walker Richer & Quinn
0x845D,Walker Richer & Quinn
0x845E,Walker Richer & Quinn
0x845F,Walker Richer & Quinn
0x8460,Walker Richer & Quinn
0x8461,Walker Richer & Quinn
0x8462,Walker Richer & Quinn
0x8463,Walker Richer & Quinn
0x8464,Walker Richer & Quinn
0x8465,Walker Richer & Quinn
0x8466,Walker Richer & Quinn
0x8467,Walker Richer & Quinn
0x8468,Walker Richer & Quinn
0x8469,Walker Richer & Quinn
0x846A,Walker Richer & Quinn
0x846B,Walker Richer & Quinn
0x846C,Walker Richer & Quinn
0x846D,Walker Richer & Quinn
0x846E,Walker Richer & Quinn
0x846F,Walker Richer & Quinn
0x8470,Walker Richer & Quinn
0x8471,Walker Richer & Quinn
0x8472,Walker Richer & Quinn
0x8473,Walker Richer & Quinn
0x8474,Walker Richer & Quinn
0x8475,Walker Richer & Quinn
0x8476,Walker Richer & Quinn
0x8477,Walker Richer & Quinn
0x8478,Walker Richer & Quinn
0x8479,Walker Richer & Quinn
0x847A,Walker Richer & Quinn
0x847B,Walker Richer & Quinn
0x847C,Walker Richer & Quinn
0x847D,Walker Richer & Quinn
0x847E,Walker Richer & Quinn
0x847F,Walker Richer & Quinn
0x8480,Walker Richer & Quinn
0x8481,Walker Richer & Quinn
0x8482,Walker Richer & Quinn
0x8483,Walker Richer & Quinn
0x8484,Walker Richer & Quinn
0x8485,Walker Richer & Quinn
0x8486,Walker Richer & Quinn
0x8487,Walker Richer & Quinn
0x8488,Walker Richer & Quinn
0x8489,Walker Richer & Quinn
0x848A,Walker Richer & Quinn
0x848B,Walker Richer & Quinn
0x848C,Walker Richer & Quinn
0x848D,Walker Richer & Quinn
0x848E,Walker Richer & Quinn
0x848F,Walker Richer & Quinn
0x8490,Walker Richer & Quinn
0x8491,Walker Richer & Quinn
0x8492,Walker Richer & Quinn
0x8493,Walker Richer & Quinn
0x8494,Walker Richer & Quinn
0x8495,Walker Richer & Quinn
0x8496,Walker Richer & Quinn
0x8497,Walker Richer & Quinn
0x8498,Walker Richer & Quinn
0x8499,Walker Richer & Quinn
0x849A,Walker Richer & Quinn
0x849B,Walker Richer & Quinn
0x849C,Walker Richer & Quinn
0x849D,Walker Richer & Quinn
0x849E,Walker Richer & Quinn
0x849F,Walker Richer & Quinn
0x84A0,Walker Richer & Quinn
0x84A1,Walker Richer & Quinn
0x84A2,Walker Richer & Quinn
0x84A3,Walker Richer & Quinn
0x84A4,Walker Richer & Quinn
0x84A5,Walker Richer & Quinn
0x84A6,Walker Richer & Quinn
0x84A7,Walker Richer & Quinn
0x84A8,Walker Richer & Quinn
0x84A9,Walker Richer & Quinn
0x84AA,Walker Richer & Quinn
0x84AB,Walker Richer & Quinn
0x84AC,Walker Richer & Quinn
0x84AD,Walker Richer & Quinn
0x84AE,Walker Richer & Quinn
0x84AF,Walker Richer & Quinn
0x84B0,Walker Richer & Quinn
0x84B1,Walker Richer & Quinn
0x84B2,Walker Richer & Quinn
0x84B3,Walker Richer & Quinn
0x84B4,Walker Richer & Quinn
0x84B5,Walker Richer & Quinn
0x84B6,Walker Richer & Quinn
0x84B7,Walker Richer & Quinn
0x84B8,Walker Richer & Quinn
0x84B9,Walker Richer & Quinn
0x84BA,Walker Richer & Quinn
0x84BB,Walker Richer & Quinn
0x84BC,Walker Richer & Quinn
0x84BD,Walker Richer & Quinn
0x84BE,Walker Richer & Quinn
0x84BF,Walker Richer & Quinn
0x84C0,Walker Richer & Quinn
0x84C1,Walker Richer & Quinn
0x84C2,Walker Richer & Quinn
0x84C3,Walker Richer & Quinn
0x84C4,Walker Richer & Quinn
0x84C5,Walker Richer & Quinn
0x84C6,Walker Richer & Quinn
0x84C7,Walker Richer & Quinn
0x84C8,Walker Richer & Quinn
0x84C9,Walker Richer & Quinn
0x84CA,Walker Richer & Quinn
0x84CB,Walker Richer & Quinn
0x84CC,Walker Richer & Quinn
0x84CD,Walker Richer & Quinn
0x84CE,Walker Richer & Quinn
0x84CF,Walker Richer & Quinn
0x84D0,Walker Richer & Quinn
0x84D1,Walker Richer & Quinn
0x84D2,Walker Richer & Quinn
0x84D3,Walker Richer & Quinn
0x84D4,Walker Richer & Quinn
0x84D5,Walker Richer & Quinn
0x84D6,Walker Richer & Quinn
0x84D7,Walker Richer & Quinn
0x84D8,Walker Richer & Quinn
0x84D9,Walker Richer & Quinn
0x84DA,Walker Richer & Quinn
0x84DB,Walker Richer & Quinn
0x84DC,Walker Richer & Quinn
0x84DD,Walker Richer & Quinn
0x84DE,Walker Richer & Quinn
0x84DF,Walker Richer & Quinn
0x84E0,Walker Richer & Quinn
0x84E1,Walker Richer & Quinn
0x84E2,Walker Richer & Quinn
0x84E3,Walker Richer & Quinn
0x84E4,Walker Richer & Quinn
0x84E5,Walker Richer & Quinn
0x84E6,Walker Richer & Quinn
0x84E7,Walker Richer & Quinn
0x84E8,Walker Richer & Quinn
0x84E9,Walker Richer & Quinn
0x84EA,Walker Richer & Quinn
0x84EB,Walker Richer & Quinn
0x84EC,Walker Richer & Quinn
0x84ED,Walker Richer & Quinn
0x84EE,Walker Richer & Quinn
0x84EF,Walker Richer & Quinn
0x84F0,Walker Richer & Quinn
0x84F1,Walker Richer & Quinn
0x84F2,Walker Richer & Quinn
0x84F3,Walker Richer & Quinn
0x84F4,Walker Richer & Quinn
0x84F5,Walker Richer & Quinn
0x84F6,Walker Richer & Quinn
0x84F7,Walker Richer & Quinn
0x84F8,Walker Richer & Quinn
0x84F9,Walker Richer & Quinn
0x84FA,Walker Richer & Quinn
0x84FB,Walker Richer & Quinn
0x84FC,Walker Richer & Quinn
0x84FD,Walker Richer & Quinn
0x84FE,Walker Richer & Quinn
0x84FF,Walker Richer & Quinn
0x8500,Walker Richer & Quinn
0x8501,Walker Richer & Quinn
0x8502,Walker Richer & Quinn
0x8503,Walker Richer & Quinn
0x8504,Walker Richer & Quinn
0x8505,Walker Richer & Quinn
0x8506,Walker Richer & Quinn
0x8507,Walker Richer & Quinn
0x8508,Walker Richer & Quinn
0x8509,Walker Richer & Quinn
0x850A,Walker Richer & Quinn
0x850B,Walker Richer & Quinn
0x850C,Walker Richer & Quinn
0x850D,Walker Richer & Quinn
0x850E,Walker Richer & Quinn
0x850F,Walker Richer & Quinn
0x8510,Walker Richer & Quinn
0x8511,Walker Richer & Quinn
0x8512,Walker Richer & Quinn
0x8513,Walker Richer & Quinn
0x8514,Walker Richer & Quinn
0x8515,Walker Richer & Quinn
0x8516,Walker Richer & Quinn
0x8517,Walker Richer & Quinn
0x8518,Walker Richer & Quinn
0x8519,Walker Richer & Quinn
0x851A,Walker Richer & Quinn
0x851B,Walker Richer & Quinn
0x851C,Walker Richer & Quinn
0x851D,Walker Richer & Quinn
0x851E,Walker Richer & Quinn
0x851F,Walker Richer & Quinn
0x8520,Walker Richer & Quinn
0x8521,Walker Richer & Quinn
0x8522,Walker Richer & Quinn
0x8523,Walker Richer & Quinn
0x8524,Walker Richer & Quinn
0x8525,Walker Richer & Quinn
0x8526,Walker Richer & Quinn
0x8527,Walker Richer & Quinn
0x8528,Walker Richer & Quinn
0x8529,Walker Richer & Quinn
0x852A,Walker Richer & Quinn
0x852B,Walker Richer & Quinn
0x852C,Walker Richer & Quinn
0x852D,Walker Richer & Quinn
0x852E,Walker Richer & Quinn
0x852F,Walker Richer & Quinn
0x8530,Walker Richer & Quinn
0x8531,Walker Richer & Quinn
0x8532,Walker Richer & Quinn
0x8533,Walker Richer & Quinn
0x8534,Walker Richer & Quinn
0x8535,Walker Richer & Quinn
0x8536,Walker Richer & Quinn
0x8537,Walker Richer & Quinn
0x8538,Walker Richer & Quinn
0x8539,Walker Richer & Quinn
0x853A,Walker Richer & Quinn
0x853B,Walker Richer & Quinn
0x853C,Walker Richer & Quinn
0x853D,Walker Richer & Quinn
0x853E,Walker Richer & Quinn
0x853F,Walker Richer & Quinn
0x8540,Walker Richer & Quinn
0x8541,Walker Richer & Quinn
0x8542,Walker Richer & Quinn
0x8543,Walker Richer & Quinn
0x8544,Walker Richer & Quinn
0x8545,Walker Richer & Quinn
0x8546,Walker Richer & Quinn
0x8547,Walker Richer & Quinn
0x8548,Walker Richer & Quinn
0x8549,Walker Richer & Quinn
0x854A,Walker Richer & Quinn
0x854B,Walker Richer & Quinn
0x854C,Walker Richer & Quinn
0x854D,Walker Richer & Quinn
0x854E,Walker Richer & Quinn
0x854F,Walker Richer & Quinn
0x8550,Walker Richer & Quinn
0x8551,Walker Richer & Quinn
0x8552,Walker Richer & Quinn
0x8553,Walker Richer & Quinn
0x8554,Walker Richer & Quinn
0x8555,Walker Richer & Quinn
0x8556,Walker Richer & Quinn
0x8557,Walker Richer & Quinn
0x8558,Walker Richer & Quinn
0x8559,Walker Richer & Quinn
0x855A,Walker Richer & Quinn
0x855B,Walker Richer & Quinn
0x855C,Walker Richer & Quinn
0x855D,Walker Richer & Quinn
0x855E,Walker Richer & Quinn
0x855F,Walker Richer & Quinn
0x8560,Walker Richer & Quinn
0x8561,Walker Richer & Quinn
0x8562,Walker Richer & Quinn
0x8563,Walker Richer & Quinn
0x8564,Walker Richer & Quinn
0x8565,Walker Richer & Quinn
0x8566,Walker Richer & Quinn
0x8567,Walker Richer & Quinn
0x8568,Walker Richer & Quinn
0x8569,Walker Richer & Quinn
0x856A,Walker Richer & Quinn
0x856B,Walker Richer & Quinn
0x856C,Walker Richer & Quinn
0x856D,Walker Richer & Quinn
0x856E,Walker Richer & Quinn
0x856F,Walker Richer & Quinn
0x8570,Walker Richer & Quinn
0x8571,Walker Richer & Quinn
0x8572,Walker Richer & Quinn
0x8573,Walker Richer & Quinn
0x8574,Walker Richer & Quinn
0x8575,Walker Richer & Quinn
0x8576,Walker Richer & Quinn
0x8577,Walker Richer & Quinn
0x8578,Walker Richer & Quinn
0x8579,Walker Richer & Quinn
0x857A,Walker Richer & Quinn
0x857B,Walker Richer & Quinn
0x857C,Walker Richer & Quinn
0x857D,Walker Richer & Quinn
0x857E,Walker Richer & Quinn
0x857F,Walker Richer & Quinn
0x8580,Walker Richer & Quinn
0x8581,Walker Richer & Quinn
0x8582,Walker Richer & Quinn
0x8583,Walker Richer & Quinn
0x8584,Walker Richer & Quinn
0x8585,Walker Richer & Quinn
0x8586,Walker Richer & Quinn
0x8587,Walker Richer & Quinn
0x8588,Walker Richer & Quinn
0x8589,Walker Richer & Quinn
0x858A,Walker Richer & Quinn
0x858B,Walker Richer & Quinn
0x858C,Walker Richer & Quinn
0x858D,Walker Richer & Quinn
0x858E,Walker Richer & Quinn
0x858F,Walker Richer & Quinn
0x8590,Walker Richer & Quinn
0x8591,Walker Richer & Quinn
0x8592,Walker Richer & Quinn
0x8593,Walker Richer & Quinn
0x8594,Walker Richer & Quinn
0x8595,Walker Richer & Quinn
0x8596,Walker Richer & Quinn
0x8597,Walker Richer & Quinn
0x8598,Walker Richer & Quinn
0x8599,Walker Richer & Quinn
0x859A,Walker Richer & Quinn
0x859B,Walker Richer & Quinn
0x859C,Walker Richer & Quinn
0x859D,Walker Richer & Quinn
0x859E,Walker Richer & Quinn
0x859F,Walker Richer & Quinn
0x85A0,Walker Richer & Quinn
0x85A1,Walker Richer & Quinn
0x85A2,Walker Richer & Quinn
0x85A3,Walker Richer & Quinn
0x85A4,Walker Richer & Quinn
0x85A5,Walker Richer & Quinn
0x85A6,Walker Richer & Quinn
0x85A7,Walker Richer & Quinn
0x85A8,Walker Richer & Quinn
0x85A9,Walker Richer & Quinn
0x85AA,Walker Richer & Quinn
0x85AB,Walker Richer & Quinn
0x85AC,Walker Richer & Quinn
0x85AD,Walker Richer & Quinn
0x85AE,Walker Richer & Quinn
0x85AF,Walker Richer & Quinn
0x85B0,Walker Richer & Quinn
0x85B1,Walker Richer & Quinn
0x85B2,Walker Richer & Quinn
0x85B3,Walker Richer & Quinn
0x85B4,Walker Richer & Quinn
0x85B5,Walker Richer & Quinn
0x85B6,Walker Richer & Quinn
0x85B7,Walker Richer & Quinn
0x85B8,Walker Richer & Quinn
0x85B9,Walker Richer & Quinn
0x85BA,Walker Richer & Quinn
0x85BB,Walker Richer & Quinn
0x85BC,Walker Richer & Quinn
0x85BD,Walker Richer & Quinn
0x85BE,Walker Richer & Quinn
0x85BF,Walker Richer & Quinn
0x85C0,Walker Richer & Quinn
0x85C1,Walker Richer & Quinn
0x85C2,Walker Richer & Quinn
0x85C3,Walker Richer & Quinn
0x85C4,Walker Richer & Quinn
0x85C5,Walker Richer & Quinn
0x85C6,Walker Richer & Quinn
0x85C7,Walker Richer & Quinn
0x85C8,Walker Richer & Quinn
0x85C9,Walker Richer & Quinn
0x85CA,Walker Richer & Quinn
0x85CB,Walker Richer & Quinn
0x85CC,Walker Richer & Quinn
0x85CD,Walker Richer & Quinn
0x85CE,Walker Richer & Quinn
0x85CF,Walker Richer & Quinn
0x85D0,Walker Richer & Quinn
0x85D1,Walker Richer & Quinn
0x85D2,Walker Richer & Quinn
0x85D3,Walker Richer & Quinn
0x85D4,Walker Richer & Quinn
0x85D5,Walker Richer & Quinn
0x85D6,Walker Richer & Quinn
0x85D7,Walker Richer & Quinn
0x85D8,Walker Richer & Quinn
0x85D9,Walker Richer & Quinn
0x85DA,Walker Richer & Quinn
0x85DB,Walker Richer & Quinn
0x85DC,Walker Richer & Quinn
0x85DD,Walker Richer & Quinn
0x85DE,Walker Richer & Quinn
0x85DF,Walker Richer & Quinn
0x85E0,Walker Richer & Quinn
0x85E1,Walker Richer & Quinn
0x85E2,Walker Richer & Quinn
0x85E3,Walker Richer & Quinn
0x85E4,Walker Richer & Quinn
0x85E5,Walker Richer & Quinn
0x85E6,Walker Richer & Quinn
0x85E7,Walker Richer & Quinn
0x85E8,Walker Richer & Quinn
0x85E9,Walker Richer & Quinn
0x85EA,Walker Richer & Quinn
0x85EB,Walker Richer & Quinn
0x85EC,Walker Richer & Quinn
0x85ED,Walker Richer & Quinn
0x85EE,Walker Richer & Quinn
0x85EF,Walker Richer & Quinn
0x85F0,Walker Richer & Quinn
0x85F1,Walker Richer & Quinn
0x85F2,Walker Richer & Quinn
0x85F3,Walker Richer & Quinn
0x85F4,Walker Richer & Quinn
0x85F5,Walker Richer & Quinn
0x85F6,Walker Richer & Quinn
0x85F7,Walker Richer & Quinn
0x85F8,Walker Richer & Quinn
0x85F9,Walker Richer & Quinn
0x85FA,Walker Richer & Quinn
0x85FB,Walker Richer & Quinn
0x85FC,Walker Richer & Quinn
0x85FD,Walker Richer & Quinn
0x85FE,Walker Richer & Quinn
0x85FF,Walker Richer & Quinn
0x8600,Walker Richer & Quinn
0x8601,Walker Richer & Quinn
0x8602,Walker Richer & Quinn
0x8603,Walker Richer & Quinn
0x8604,Walker Richer & Quinn
0x8605,Walker Richer & Quinn
0x8606,Walker Richer & Quinn
0x8607,Walker Richer & Quinn
0x8608,Walker Richer & Quinn
0x8609,Walker Richer & Quinn
0x860A,Walker Richer & Quinn
0x860B,Walker Richer & Quinn
0x860C,Walker Richer & Quinn
0x860D,Walker Richer & Quinn
0x860E,Walker Richer & Quinn
0x860F,Walker Richer & Quinn
0x8610,Walker Richer & Quinn
0x8611,Walker Richer & Quinn
0x8612,Walker Richer & Quinn
0x8613,Walker Richer & Quinn
0x8614,Walker Richer & Quinn
0x8615,Walker Richer & Quinn
0x8616,Walker Richer & Quinn
0x8617,Walker Richer & Quinn
0x8618,Walker Richer & Quinn
0x8619,Walker Richer & Quinn
0x861A,Walker Richer & Quinn
0x861B,Walker Richer & Quinn
0x861C,Walker Richer & Quinn
0x861D,Walker Richer & Quinn
0x861E,Walker Richer & Quinn
0x861F,Walker Richer & Quinn
0x8620,Walker Richer & Quinn
0x8621,Walker Richer & Quinn
0x8622,Walker Richer & Quinn
0x8623,Walker Richer & Quinn
0x8624,Walker Richer & Quinn
0x8625,Walker Richer & Quinn
0x8626,Walker Richer & Quinn
0x8627,Walker Richer & Quinn
0x8628,Walker Richer & Quinn
0x8629,Walker Richer & Quinn
0x862A,Walker Richer & Quinn
0x862B,Walker Richer & Quinn
0x862C,Walker Richer & Quinn
0x862D,Walker Richer & Quinn
0x862E,Walker Richer & Quinn
0x862F,Walker Richer & Quinn
0x8630,Walker Richer & Quinn
0x8631,Walker Richer & Quinn
0x8632,Walker Richer & Quinn
0x8633,Walker Richer & Quinn
0x8634,Walker Richer & Quinn
0x8635,Walker Richer & Quinn
0x8636,Walker Richer & Quinn
0x8637,Walker Richer & Quinn
0x8638,Walker Richer & Quinn
0x8639,Walker Richer & Quinn
0x863A,Walker Richer & Quinn
0x863B,Walker Richer & Quinn
0x863C,Walker Richer & Quinn
0x863D,Walker Richer & Quinn
0x863E,Walker Richer & Quinn
0x863F,Walker Richer & Quinn
0x8640,Walker Richer & Quinn
0x8641,Walker Richer & Quinn
0x8642,Walker Richer & Quinn
0x8643,Walker Richer & Quinn
0x8644,Walker Richer & Quinn
0x8645,Walker Richer & Quinn
0x8646,Walker Richer & Quinn
0x8647,Walker Richer & Quinn
0x8648,Walker Richer & Quinn
0x8649,Walker Richer & Quinn
0x864A,Walker Richer & Quinn
0x864B,Walker Richer & Quinn
0x864C,Walker Richer & Quinn
0x864D,Walker Richer & Quinn
0x864E,Walker Richer & Quinn
0x864F,Walker Richer & Quinn
0x8650,Walker Richer & Quinn
0x8651,Walker Richer & Quinn
0x8652,Walker Richer & Quinn
0x8653,Walker Richer & Quinn
0x8654,Walker Richer & Quinn
0x8655,Walker Richer & Quinn
0x8656,Walker Richer & Quinn
0x8657,Walker Richer & Quinn
0x8658,Walker Richer & Quinn
0x8659,Walker Richer & Quinn
0x865A,Walker Richer & Quinn
0x865B,Walker Richer & Quinn
0x865C,Walker Richer & Quinn
0x865D,Walker Richer & Quinn
0x865E,Walker Richer & Quinn
0x865F,Walker Richer & Quinn
0x8660,Walker Richer & Quinn
0x8661,Walker Richer & Quinn
0x8662,Walker Richer & Quinn
0x8663,Walker Richer & Quinn
0x8664,Walker Richer & Quinn
0x8665,Walker Richer & Quinn
0x8666,Walker Richer & Quinn
0x8667,Walker Richer & Quinn
0x8668,Walker Richer & Quinn
0x8669,Walker Richer & Quinn
0x866A,Walker Richer & Quinn
0x866B,Walker Richer & Quinn
0x866C,Walker Richer & Quinn
0x866D,Walker Richer & Quinn
0x866E,Walker Richer & Quinn
0x866F,Walker Richer & Quinn
0x8670,Walker Richer & Quinn
0x8671,Walker Richer & Quinn
0x8672,Walker Richer & Quinn
0x8673,Walker Richer & Quinn
0x8674,Walker Richer & Quinn
0x8675,Walker Richer & Quinn
0x8676,Walker Richer & Quinn
0x8677,Walker Richer & Quinn
0x8678,Walker Richer & Quinn
0x8679,Walker Richer & Quinn
0x867A,Walker Richer & Quinn
0x867B,Walker Richer & Quinn
0x867C,Walker Richer & Quinn
0x867D,Walker Richer & Quinn
0x867E,Walker Richer & Quinn
0x867F,Walker Richer & Quinn
0x8680,Walker Richer & Quinn
0x8681,Walker Richer & Quinn
0x8682,Walker Richer & Quinn
0x8683,Walker Richer & Quinn
0x8684,Walker Richer & Quinn
0x8685,Walker Richer & Quinn
0x8686,Walker Richer & Quinn
0x8687,Walker Richer & Quinn
0x8688,Walker Richer & Quinn
0x8689,Walker Richer & Quinn
0x868A,Walker Richer & Quinn
0x868B,Walker Richer & Quinn
0x868C,Walker Richer & Quinn
0x868D,Walker Richer & Quinn
0x868E,Walker Richer & Quinn
0x868F,Walker Richer & Quinn
0x8690,Walker Richer & Quinn
0x8691,Walker Richer & Quinn
0x8692,Walker Richer & Quinn
0x8693,Walker Richer & Quinn
0x8694,Idea Courier
0x8695,Idea Courier
0x8696,Idea Courier
0x8697,Idea Courier
0x8698,Idea Courier
0x8699,Idea Courier
0x869A,Idea Courier
0x869B,Idea Courier
0x869C,Idea Courier
0x869D,Idea Courier
0x869E,Computer Network Tech
0x869F,Computer Network Tech
0x86A0,Computer Network Tech
0x86A1,Computer Network Tech
0x86A3,Gateway Communications
0x86A4,Gateway Communications
0x86A5,Gateway Communications
0x86A6,Gateway Communications
0x86A7,Gateway Communications
0x86A8,Gateway Communications
0x86A9,Gateway Communications
0x86AA,Gateway Communications
0x86AB,Gateway Communications
0x86AC,Gateway Communications
0x86DB,SECTRA
0x86DE,Delta Controls
0x86DD,Internet Protocol version 6 (IPv6)
0x86DF,ATOMIC
0x86E0,Landis & Gyr Powers
0x86E1,Landis & Gyr Powers
0x86E2,Landis & Gyr Powers
0x86E3,Landis & Gyr Powers
0x86E4,Landis & Gyr Powers
0x86E5,Landis & Gyr Powers
0x86E6,Landis & Gyr Powers
0x86E7,Landis & Gyr Powers
0x86E8,Landis & Gyr Powers
0x86E9,Landis & Gyr Powers
0x86EA,Landis & Gyr Powers
0x86EB,Landis & Gyr Powers
0x86EC,Landis & Gyr Powers
0x86ED,Landis & Gyr Powers
0x86EE,Landis & Gyr Powers
0x86EF,Landis & Gyr Powers
0x8700,Motorola
0x8701,Motorola
0x8702,Motorola
0x8703,Motorola
0x8704,Motorola
0x8705,Motorola
0x8706,Motorola
0x8707,Motorola
0x8708,Motorola
0x8709,Motorola
0x870A,Motorola
0x870B,Motorola
0x870C,Motorola
0x870D,Motorola
0x870E,Motorola
0x870F,Motorola
0x8710,Motorola
0x876B,TCP/IP Compression
0x876C,IP Autonomous Systems
0x876D,Secure Data
0x8808,IEEE Std 802.3 - Ethernet Passive Optical Network (EPON)
0x880B,Point-to-Point Protocol (PPP)
0x880C,General Switch Management Protocol (GSMP)
0x8847,MPLS
0x8848,MPLS with upstream-assigned label
0x8861,Multicast Channel Allocation Protocol (MCAP)
0x8863,PPP over Ethernet (PPPoE) Discovery Stage
0x8864,PPP over Ethernet (PPPoE) Session Stage
0x888E,IEEE Std 802.1X - Port-based network access control
0x88A8,IEEE Std 802.1Q - Service VLAN tag identifier (S-Tag)
0x8A96,Invisible Software
0x8A97,Invisible Software
0x88B5,IEEE Std 802 - Local Experimental Ethertype
0x88B6,IEEE Std 802 - Local Experimental Ethertype
0x88B7,IEEE Std 802 - OUI Extended Ethertype
0x88C7,IEEE Std 802.11 - Pre-Authentication (802.11i)
0x88CC,IEEE Std 802.1AB - Link Layer Discovery Protocol (LLDP)
0x88E5,IEEE Std 802.1AE - Media Access Control Security
0x88E7,Provider Backbone Bridging Instance tag
0x88F5,IEEE Std 802.1Q  - Multiple VLAN Registration Protocol (MVRP)
0x88F6,IEEE Std 802.1Q - Multiple Multicast Registration Protocol (MMRP)
0x890D,IEEE Std 802.11 - Fast Roaming Remote Request (802.11r)
0x8917,IEEE Std 802.21 - Media Independent Handover Protocol
0x8929,IEEE Std 802.1Qbe - Multiple I-SID Registration Protocol
0x893B,TRILL Fine Grained Labeling (FGL)
0x8940,IEEE Std 802.1Qbg - ECP Protocol (also used in 802.1BR)
0x8946,TRILL RBridge Channel
0x8947,GeoNetworking as defined in ETSI EN 302 636-4-1
0x894F,NSH (Network Service Header)
0x9000,Loopback
0x9001,3Com(Bridge) XNS Sys Mgmt
0x9002,3Com(Bridge) TCP-IP Sys
0x9003,3Com(Bridge) loop detect
0x9A22,Multi-Topology
0xA0ED,LoWPAN encapsulation
0xB7EA,"The Ethertype will be used to identify a ""Channel"""
0xFF00,BBN VITAL-LanBridge cache
0xFF00,ISC Bunker Ramo
0xFF01,ISC Bunker Ramo
0xFF02,ISC Bunker Ramo
0xFF03,ISC Bunker Ramo
0xFF04,ISC Bunker Ramo
0xFF05,ISC Bunker Ramo
0xFF06,ISC Bunker Ramo
0xFF07,ISC Bunker Ramo
0xFF08,ISC Bunker Ramo
0xFF09,ISC Bunker Ramo
0xFF0A,ISC Bunker Ramo
0xFF0B,ISC Bunker Ramo
0xFF0C,ISC Bunker Ramo
0xFF0D,ISC Bunker Ramo
0xFF0E,ISC Bunker Ramo
0xFF0F,ISC Bunker Ramo
0xFFFF,Reserved
